vertebrate_sp_paper	vertebrate_sp_current	vertebrate_genus_current	vertebrate_family_current	body_size	diet	vertebrate
Bombycilla_cedrorum	Bombycilla_cedrorum	Bombycilla	Bombycillidae	4.479055176	Frugivore	Bird
Capito_bruneipectus	Capito_brunneipectus	Capito	Capitonidae	5.82802725	Insectivore	Bird
Capito_niger	Capito_niger	Capito	Capitonidae	5.804798192	Frugivore	Bird
Cyanocompsa_brisonii	Cyanoloxia_brissonii	Cyanoloxia	Cardinalidae	NA	NA	Bird
Habia_fuscicauda	Habia_fuscicauda	Habia	Cardinalidae	4.788990425	Insectivore	Bird
Habia_rubica	Habia_rubica	Habia	Cardinalidae	4.532839276	Insectivore	Bird
Passerina_caerulea	Passerina_caerulea	Passerina	Cardinalidae	4.210544743	Insectivore	Bird
Passerina_leclancherii	Passerina_leclancherii	Passerina	Cardinalidae	3.145988144	Granivore	Bird
Passerina_versicolor	Passerina_versicolor	Passerina	Cardinalidae	3.035125932	Insectivore	Bird
Pheucticus_ludovicianus	Pheucticus_ludovicianus	Pheucticus	Cardinalidae	5.069535976	Insectivore	Bird
Pheucticus_melanocephalus	Pheucticus_melanocephalus	Pheucticus	Cardinalidae	5.329713263	Insectivore	Bird
Piranga_flava	Piranga_flava	Piranga	Cardinalidae	4.837225681	Insectivore	Bird
Piranga_rubra	Piranga_rubra	Piranga	Cardinalidae	4.324690102	Insectivore	Bird
Coragyps_atratus	Coragyps_atratus	Coragyps	Cathartidae	26.43127788	Scavenger	Bird
Sarcoramphus_papa	Sarcoramphus_papa	Sarcoramphus	Cathartidae	34.17447147	Scavenger	Bird
Columba_livia	Columba_livia	Columba	Columbidae	12.79748359	Granivore	Bird
Columbina_squammata	Columbina_squammata	Columbina	Columbidae	5.603860146	Granivore	Bird
Columbina_talpacoti	Columbina_talpacoti	Columbina	Columbidae	5.275826318	Granivore	Bird
Leptotila_sp	Leptotila	Leptotila	Columbidae	NA	NA	Bird
Leptotila_cassini	Leptotila_cassinii	Leptotila	Columbidae	NA	NA	Bird
Leptotila_rufaxilla	Leptotila_rufaxilla	Leptotila	Columbidae	8.988083568	Granivore	Bird
Leptotila_verreauxi	Leptotila_verreauxi	Leptotila	Columbidae	8.731722548	Granivore	Bird
Patagioenas	Patagioenas	Patagioenas	Columbidae	NA	NA	Bird
Patagioenas_sp	Patagioenas	Patagioenas	Columbidae	NA	NA	Bird
Columba_caribaea	Patagioenas_caribaea	Patagioenas	Columbidae	11.00049211	Frugivore	Bird
Patagioenas_cayannensis	Patagioenas_cayennensis	Patagioenas	Columbidae	10.58920919	Frugivore	Bird
Patagioenas_cayenensis	Patagioenas_cayennensis	Patagioenas	Columbidae	10.58920919	Frugivore	Bird
Patagioenas_cayennensis	Patagioenas_cayennensis	Patagioenas	Columbidae	10.58920919	Frugivore	Bird
Patagioenas_picazuro	Patagioenas_picazuro	Patagioenas	Columbidae	11.5375185	Omnivore	Bird
Patagioenas_plumbea	Patagioenas_plumbea	Patagioenas	Columbidae	9.509531772	Frugivore	Bird
Patagioenas_speciosa	Patagioenaseciosa	Patagioenaseciosa	Columbidae	NA	NA	Bird
Sphenurus_formosae	Treron_formosae	Treron	Columbidae	8.551682404	Frugivore	Bird
Zenaida_auriculata	Zenaida_auriculata	Zenaida	Columbidae	7.707405308	Granivore	Bird
Zentrygon_linearis	Zentrygon_linearis	Zentrygon	Columbidae	NA	NA	Bird
Cyanocorax_affinis	Cyanocorax_affinis	Cyanocorax	Corvidae	10.24035064	Frugivore	Bird
Cyanocorax_chrysops	Cyanocorax_chrysops	Cyanocorax	Corvidae	9.208326122	Insectivore	Bird
Cyanocorax_caeruleus	Cyanocorax_coeruleus	Cyanocorax	Corvidae	NA	NA	Bird
Cyanocorax_cristatellus	Cyanocorax_cristatellus	Cyanocorax	Corvidae	9.491721541	Omnivore	Bird
Cyanocorax_cyanomelas	Cyanocorax_cyanomelas	Cyanocorax	Corvidae	10.13475236	Omnivore	Bird
Cyanocorax_cyanopogon	Cyanocorax_cyanopogon	Cyanocorax	Corvidae	8.708964139	Omnivore	Bird
Callocita_formosa	Cyanocorax_formosus	Cyanocorax	Corvidae	NA	NA	Bird
Calocitta_formosa	Cyanocorax_formosus	Cyanocorax	Corvidae	NA	NA	Bird
Cyanocorax_morio	Cyanocorax_morio	Cyanocorax	Corvidae	10.07069949	Omnivore	Bird
Carpodectes_nitidus	Carpodectes_nitidus	Carpodectes	Cotingidae	7.440170074	Frugivore	Bird
Carpornis_cucullata	Carpornis_cucullata	Carpornis	Cotingidae	6.490537656	Frugivore	Bird
Carpornis_melanocephala	Carpornis_melanocephala	Carpornis	Cotingidae	6.094991547	Frugivore	Bird
Cephalopterus_penduliger	Cephalopterus_penduliger	Cephalopterus	Cotingidae	12.53991429	Frugivore	Bird
Cotinga_cayana	Cotinga_cayana	Cotinga	Cotingidae	5.995375817	Frugivore	Bird
Gymnoderus_foetidus	Gymnoderus_foetidus	Gymnoderus	Cotingidae	11.4742551	Frugivore	Bird
Tijuca_atra	Lipaugus_ater	Lipaugus	Cotingidae	NA	NA	Bird
Lipaugus_lanioides	Lipaugus_lanioides	Lipaugus	Cotingidae	7.219663441	Frugivore	Bird
Lipaugus_unirufus	Lipaugus_unirufus	Lipaugus	Cotingidae	6.782482308	Frugivore	Bird
Lipaugus_vociferans	Lipaugus_vociferans	Lipaugus	Cotingidae	6.537053495	Omnivore	Bird
Phibalura_flavirostris	Phibalura_flavirostris	Phibalura	Cotingidae	5.298654673	Frugivore	Bird
Pipreola_aureopectus	Pipreola_aureopectus	Pipreola	Cotingidae	5.273835159	Frugivore	Bird
Procnias_nudicollis	Procnias_nudicollis	Procnias	Cotingidae	9.352366698	Frugivore	Bird
Pyroderus_scutatus	Pyroderus_scutatus	Pyroderus	Cotingidae	12.84132153	Frugivore	Bird
Querula_purpurata	Querula_purpurata	Querula	Cotingidae	7.620195679	Frugivore	Bird
Rupicola_rupicola	Rupicola_rupicola	Rupicola	Cotingidae	9.865596047	Frugivore	Bird
Chamaepetes_goudotii	Chamaepetes_goudotii	Chamaepetes	Cracidae	17.49533843	Frugivore	Bird
Chamaepetes_unicolor	Chamaepetes_unicolor	Chamaepetes	Cracidae	21.22109771	Frugivore	Bird
Crax_alector	Crax_alector	Crax	Cracidae	31.75926316	Frugivore	Bird
Crax_blumenbachii	Crax_blumenbachii	Crax	Cracidae	34.60741772	Frugivore	Bird
Crax_daubentoni	Crax_daubentoni	Crax	Cracidae	29.90197028	Frugivore	Bird
Mitu_salvini	Mitu_salvini	Mitu	Cracidae	32.83062254	Frugivore	Bird
Ortalis_canicollis	Ortalis_canicollis	Ortalis	Cracidae	15.35726674	Omnivore	Bird
Ortalis_columbiana	Ortalis_columbiana	Ortalis	Cracidae	NA	NA	Bird
Ortalis_garrula	Ortalis_garrula	Ortalis	Cracidae	15.2703285	Frugivore	Bird
Ortalis_guttata	Ortalis_guttata	Ortalis	Cracidae	15.46467822	Frugivore	Bird
Penelope_sp	Penelope	Penelope	Cracidae	NA	NA	Bird
Penelope_albipennis	Penelope_albipennis	Penelope	Cracidae	25.6114124	Frugivore	Bird
Penelope_jacquacu	Penelope_jacquacu	Penelope	Cracidae	23.86883765	Frugivore	Bird
Penelope_marail	Penelope_marail	Penelope	Cracidae	18.99773537	Frugivore	Bird
Penelope_obscura	Penelope_obscura	Penelope	Cracidae	25.73812269	Frugivore	Bird
Penelope_pileata	Penelope_pileata	Penelope	Cracidae	22.12785108	Frugivore	Bird
Penelope_purpurascens	Penelope_purpurascens	Penelope	Cracidae	27.49123482	Frugivore	Bird
Penelope_superciliaris	Penelope_superciliaris	Penelope	Cracidae	19.14072345	Frugivore	Bird
Pipile_cujubi	Pipile_cujubi	Pipile	Cracidae	21.70767344	Frugivore	Bird
Aburria_jacutinga	Pipile_jacutinga	Pipile	Cracidae	22.05981843	Frugivore	Bird
Pipile_jacutinga	Pipile_jacutinga	Pipile	Cracidae	22.05981843	Frugivore	Bird
Crotophaga_ani	Crotophaga_ani	Crotophaga	Cuculidae	7.704063154	Omnivore	Bird
Crotophaga_major	Crotophaga_major	Crotophaga	Cuculidae	8.767000258	Omnivore	Bird
Guira_guira	Guira_guira	Guira	Cuculidae	8.57815721	Insectivore	Bird
Piaya_cayana	Piaya_cayana	Piaya	Cuculidae	7.452242606	Insectivore	Bird
Danacobius_atricapillus	Donacobius_atricapilla	Donacobius	Donacobiidae	4.786731498	Insectivore	Bird
Estrilda_astrild	Estrilda_astrild	Estrilda	Estrildidae	2.505665909	Granivore	Bird
Caracara_plancus	Caracara_plancus	Caracara	Falconidae	20.75668719	Scavenger	Bird
Daptrius_ater	Daptrius_ater	Daptrius	Falconidae	12.75896429	Carnivora	Bird
Chlorophonia_cyanea	Chlorophonia_cyanea	Chlorophonia	Fringillidae	3.145988144	Frugivore	Bird
Euphonia	Euphonia	Euphonia	Fringillidae	NA	NA	Bird
Euphonia_sp	Euphonia	Euphonia	Fringillidae	NA	NA	Bird
Euphonia_chalybea	Euphonia_chalybea	Euphonia	Fringillidae	3.59215967	Frugivore	Bird
Euphonia_chlorotica	Euphonia_chlorotica	Euphonia	Fringillidae	2.833159967	Frugivore	Bird
Euphonia_clorothica	Euphonia_chlorotica	Euphonia	Fringillidae	2.833159967	Frugivore	Bird
Euphonia_cyanocephala	Euphonia_cyanocephala	Euphonia	Fringillidae	3.145988144	Frugivore	Bird
Euphonia_fulvicrissa	Euphonia_fulvicrissa	Euphonia	Fringillidae	2.833159967	Frugivore	Bird
Euphonia_jamaica	Euphonia_jamaica	Euphonia	Fringillidae	3.387553868	Frugivore	Bird
Euphonia_laniirostris	Euphonia_laniirostris	Euphonia	Fringillidae	3.241678525	Frugivore	Bird
Euphonia_pectoralis	Euphonia_pectoralis	Euphonia	Fringillidae	3.184714009	Frugivore	Bird
Euphonia_rufiventris	Euphonia_rufiventris	Euphonia	Fringillidae	3.145988144	Frugivore	Bird
Euphonia_violacea	Euphonia_violacea	Euphonia	Fringillidae	3.241678525	Frugivore	Bird
Euphonia_xanthogaster	Euphonia_xanthogaster	Euphonia	Fringillidae	3.046347561	Frugivore	Bird
Haemorhous_mexicanus	Haemorhous_mexicanus	Haemorhous	Fringillidae	NA	NA	Bird
Spinus_psaltria	Spinus_psaltria	Spinus	Fringillidae	NA	NA	Bird
Cranioleuca_pallida	Cranioleuca_pallida	Cranioleuca	Furnariidae	2.888385917	Insectivore	Bird
Gnorimopsar_chopi	Furnarius_rufus	Furnarius	Furnariidae	5.29469373	Insectivore	Bird
Lepidocolaptes_souleyetii	Lepidocolaptes_souleyetii	Lepidocolaptes	Furnariidae	4.095681488	Insectivore	Bird
Phacellodomus_ruber	Phacellodomus_ruber	Phacellodomus	Furnariidae	5.016757742	Insectivore	Bird
Philydor_atricapillus	Philydor_atricapillus	Philydor	Furnariidae	3.843383022	Insectivore	Bird
Synallaxis_albescens	Synallaxis_albescens	Synallaxis	Furnariidae	2.855417374	Insectivore	Bird
Synallaxis_ruficapilla	Synallaxis_ruficapilla	Synallaxis	Furnariidae	3.126390318	Insectivore	Bird
Pygochelidon_cyanoleuca	Pygochelidon_cyanoleuca	Pygochelidon	Hirundinidae	2.68256046	Insectivore	Bird
Cacicus_cela	Cacicus_cela	Cacicus	Icteridae	6.901315648	Omnivore	Bird
Cacicus_chrysopterus	Cacicus_chrysopterus	Cacicus	Icteridae	4.750398085	Omnivore	Bird
Cacicus_haemorrhous	Cacicus_haemorrhous	Cacicus	Icteridae	6.839928935	Insectivore	Bird
Cacicus_haemorrous	Cacicus_haemorrhous	Cacicus	Icteridae	6.839928935	Insectivore	Bird
Chrysomus_ruficapillus	Chrysomus_ruficapillus	Chrysomus	Icteridae	4.504829205	Granivore	Bird
Icterus_auricapillus	Icterus_auricapillus	Icterus	Icteridae	4.517035302	Insectivore	Bird
Icterus_cayanensis	Icterus_cayanensis	Icterus	Icteridae	4.70908543	Insectivore	Bird
Icterus_galbula	Icterus_galbula	Icterus	Icteridae	4.555206584	Insectivore	Bird
Icterus_gularis	Icterus_gularis	Icterus	Icteridae	5.706604898	Omnivore	Bird
Icterus_jamacaii	Icterus_jamacaii	Icterus	Icteridae	6.399276435	Insectivore	Bird
Icterus_leucopterix	Icterus_leucopteryx	Icterus	Icteridae	4.792376212	Insectivore	Bird
Icterus_nigrogularis	Icterus_nigrogularis	Icterus	Icteridae	4.974008494	Insectivore	Bird
Icterus_pustulatus	Icterus_pustulatus	Icterus	Icteridae	4.785601513	Insectivore	Bird
Icterus_pyrrhopterus	Icterus_pyrrhopterus	Icterus	Icteridae	NA	NA	Bird
Icterus_wagleri	Icterus_wagleri	Icterus	Icteridae	5.059037673	Insectivore	Bird
Molothrus_bonariensis	Molothrus_bonariensis	Molothrus	Icteridae	5.042708986	Insectivore	Bird
Psarocolius_decumanus	Psarocolius_decumanus	Psarocolius	Icteridae	10.11985391	Omnivore	Bird
Psarocolius_montezuma	Psarocolius_montezuma	Psarocolius	Icteridae	12.07551118	Insectivore	Bird
Psarocolius_viridis	Psarocolius_viridis	Psarocolius	Icteridae	11.67916201	Insectivore	Bird
Pseudoleistes_guirahuro	Pseudoleistes_guirahuro	Pseudoleistes	Icteridae	6.935230303	Omnivore	Bird
Quiscalus_mexicanus	Quiscalus_mexicanus	Quiscalus	Icteridae	9.073824617	Omnivore	Bird
Dumetella_carolinensis	Dumetella_carolinensis	Dumetella	Mimidae	4.700997428	Insectivore	Bird
Mimus_gilvus	Mimus_gilvus	Mimus	Mimidae	5.561788988	Insectivore	Bird
Mimus_saturninus	Mimus_saturninus	Mimus	Mimidae	6.07474147	Insectivore	Bird
Orthogonys_chloricterus	Orthogonys_chloricterus	Orthogonys	Mitrospingidae	4.963246143	Insectivore	Bird
Baryphtengus_martii	Baryphthengus_martii	Baryphthengus	Momotidae	9.184677285	Frugivore	Bird
Baryphtengus_ruficapillus	Baryphthengus_ruficapillus	Baryphthengus	Momotidae	8.595308911	Insectivore	Bird
Baryphthengus_ruficapillus	Baryphthengus_ruficapillus	Baryphthengus	Momotidae	8.595308911	Insectivore	Bird
Eumomota_superciliosa	Eumomota_superciliosa	Eumomota	Momotidae	6.024774293	Insectivore	Bird
Momotus_mexicanus	Momotus_mexicanus	Momotus	Momotidae	6.547582385	Insectivore	Bird
Momotus_momota	Momotus_momota	Momotus	Momotidae	7.850260806	Insectivore	Bird
Centurus_hoffmannii	Centurus_hoffmannii	Centurus	NA	NA	NA	Bird
Loxigilla_violacea	Melopyrrha_violacea	Melopyrrha	NA	NA	NA	Bird
Vermivora_peregrina	Oreothlypis_peregrina	Oreothlypis	NA	NA	NA	Bird
Piaractus_mesopotamicus	Piaractus_mesopotamicus	Piaractus	NA	NA	NA	Bird
Ramphastos_sp	Ramphastos	Ramphastos	NA	NA	NA	Bird
Basileuterus_culicivorus	Basileuterus_culicivorus	Basileuterus	Parulidae	2.776494884	Insectivore	Bird
Griseotyrannus_aurantioatrocristatus	Geothlypis_aequinoctialis	Geothlypis	Parulidae	3.056502523	Insectivore	Bird
Myiothlypis_leucophrys	Myiothlypis_leucophrys	Myiothlypis	Parulidae	NA	NA	Bird
Protonotaria_citrea	Protonotaria_citrea	Protonotaria	Parulidae	3.175090186	Insectivore	Bird
Seiurus_aurocapilla	Seiurus_aurocapilla	Seiurus	Parulidae	3.575688872	Insectivore	Bird
Setophaga_castanea	Setophaga_castanea	Setophaga	Parulidae	NA	NA	Bird
Dendroica_pensylvanica	Setophaga_pensylvanica	Setophaga	Parulidae	NA	NA	Bird
Dendroica_petechia	Setophaga_petechia	Setophaga	Parulidae	NA	NA	Bird
Parula_pitiayumi	Setophaga_pitiayumi	Setophaga	Parulidae	NA	NA	Bird
Setophaga_pitiayumi	Setophaga_pitiayumi	Setophaga	Parulidae	NA	NA	Bird
Setophaga_striata	Setophaga_striata	Setophaga	Parulidae	NA	NA	Bird
Arremon_tacitumus	Arremon_axillaris	Arremon	Passerellidae	NA	NA	Bird
Arremon_flavirostris	Arremon_flavirostris	Arremon	Passerellidae	4.125302746	Omnivore	Bird
Atlapetes_citrinellus	Atlapetes_citrinellus	Atlapetes	Passerellidae	4.251016076	Omnivore	Bird
Chlorospingus_ophthalmicus	Chlorospingus_flavopectus	Chlorospingus	Passerellidae	NA	NA	Bird
Zonotrichia_capensis	Zonotrichia_capensis	Zonotrichia	Passerellidae	3.697696	Omnivore	Bird
Passer_domesticus	Passer_domesticus	Passer	Passeridae	4.151250973	Granivore	Bird
Campephilus_guatemalensis	Campephilus_guatemalensis	Campephilus	Picidae	10.84620627	Insectivore	Bird
Phloeoceastes_guatemalensis	Campephilus_guatemalensis	Campephilus	Picidae	10.84620627	Insectivore	Bird
Celeus_castaneus	Celeus_castaneus	Celeus	Picidae	6.906223945	Insectivore	Bird
Celeus_elegans	Celeus_elegans	Celeus	Picidae	8.416863459	Insectivore	Bird
Celeus_flavescens	Celeus_flavescens	Celeus	Picidae	8.525100398	Insectivore	Bird
Celeus_gramnicus	Celeus_undatus	Celeus	Picidae	6.107757686	Insectivore	Bird
Colaptes_campestris	Colaptes_campestris	Colaptes	Picidae	9.012901826	Insectivore	Bird
Colaptes_melanochloros	Colaptes_melanochloros	Colaptes	Picidae	8.204854932	Insectivore	Bird
Colaptes_pitius	Colaptes_pitius	Colaptes	Picidae	9.037631375	Insectivore	Bird
Dryocopus_lineatus	Hylatomus_fuscipennis	Hylatomus	Picidae	NA	NA	Bird
Melanerpes_aurifrons	Melanerpes_aurifrons	Melanerpes	Picidae	6.734543875	Omnivore	Bird
Melanerpes_candidus	Melanerpes_candidus	Melanerpes	Picidae	7.640199803	Frugivore	Bird
Melanerpes_chrysogenys	Melanerpes_chrysogenys	Melanerpes	Picidae	6.23835764	Insectivore	Bird
Melanerpes_cruentatus	Melanerpes_cruentatus	Melanerpes	Picidae	5.836761656	Insectivore	Bird
Melanerpes_flavifrons	Melanerpes_flavifrons	Melanerpes	Picidae	5.822778411	Omnivore	Bird
Melanerpes_hoffmannii	Melanerpes_hoffmannii	Melanerpes	Picidae	6.412803411	Insectivore	Bird
Melanerpes_pucherani	Melanerpes_pucherani	Melanerpes	Picidae	6.020585959	Insectivore	Bird
Piculus_radiolatus	Melanerpes_radiolatus	Melanerpes	Picidae	7.640199803	Frugivore	Bird
Melanerpes_rubricapillus	Melanerpes_rubricapillus	Melanerpes	Picidae	5.577556264	Insectivore	Bird
Piculus_aurelentus	Piculus_aurulentus	Piculus	Picidae	6.520840991	Insectivore	Bird
Picumnus_cirratus	Picumnus_cirratus	Picumnus	Picidae	2.741760335	Insectivore	Bird
Picumus_nebulosus	Picumnus_nebulosus	Picumnus	Picidae	2.899267123	Insectivore	Bird
Veniliornis_passerinus	Veniliornis_passerinus	Veniliornis	Picidae	4.510937629	Insectivore	Bird
Veniliornis_spilogaster	Veniliornisilogaster	Veniliornisilogaster	Picidae	NA	NA	Bird
Antilophia_galeata	Antilophia_galeata	Antilophia	Pipridae	3.788742906	Frugivore	Bird
Ceratopipra_chloromeros	Ceratopipra_chloromeros	Ceratopipra	Pipridae	NA	NA	Bird
Ceratopipra_mentalis	Ceratopipra_mentalis	Ceratopipra	Pipridae	NA	NA	Bird
Ceratopipra_rubrocapilla	Ceratopipra_rubrocapilla	Ceratopipra	Pipridae	NA	NA	Bird
Chiroxiphia_boliviana	Chiroxiphia_boliviana	Chiroxiphia	Pipridae	3.434108518	Frugivore	Bird
Chiroxiphia_caudata	Chiroxiphia_caudata	Chiroxiphia	Pipridae	4.08875272	Omnivore	Bird
Chiroxiphia_linearis	Chiroxiphia_linearis	Chiroxiphia	Pipridae	3.46096164	Frugivore	Bird
Chiroxiphia_pareola	Chiroxiphia_pareola	Chiroxiphia	Pipridae	3.408737837	Frugivore	Bird
Ilicura_militaris	Ilicura_militaris	Ilicura	Pipridae	3.015614793	Frugivore	Bird
Lepidothrix_coronata	Lepidothrix_coronata	Lepidothrix	Pipridae	2.512218057	Frugivore	Bird
Lepidothrix_nattereri	Lepidothrix_nattereri	Lepidothrix	Pipridae	2.518748021	Insectivore	Bird
Machaeropteris_regulus	Machaeropterus_regulus	Machaeropterus	Pipridae	2.638859658	Frugivore	Bird
Manacus_manacus	Manacus_manacus	Manacus	Pipridae	3.39640144	Frugivore	Bird
Manacus_vitellinus	Manacus_vitellinus	Manacus	Pipridae	3.522305842	Frugivore	Bird
Neopelma_pallescens	Neopelma_pallescens	Neopelma	Pipridae	3.525673169	Insectivore	Bird
Pipra_fasciicauda	Pipra_fasciicauda	Pipra	Pipridae	3.32475878	Frugivore	Bird
Dixiphia_pipra	Pseudopipra_pipra	Pseudopipra	Pipridae	NA	NA	Bird
Tyranneutes_stolzmanni	Tyranneutes_stolzmanni	Tyranneutes	Pipridae	2.356865353	Frugivore	Bird
Alipiopsitta_xanthops	Alipiopsitta_xanthops	Alipiopsitta	Psittacidae	12.36708958	Omnivore	Bird
Amazona_sp	Amazona	Amazona	Psittacidae	NA	NA	Bird
Amazona_aestiva	Amazona_aestiva	Amazona	Psittacidae	14.2132772	Frugivore	Bird
Amazona_albifrons	Amazona_albifrons	Amazona	Psittacidae	10.1134601	Granivore	Bird
Amazona_amazonica	Amazona_amazonica	Amazona	Psittacidae	13.0423496	Frugivore	Bird
Amazona_autumnalis	Amazona_autumnalis	Amazona	Psittacidae	13.72327547	Frugivore	Bird
Amazona_farinosa	Amazona_farinosa	Amazona	Psittacidae	16.38829558	Frugivore	Bird
Amazona_ochrocephala	Amazona_ochrocephala	Amazona	Psittacidae	14.5627041	Omnivore	Bird
Ara_hyacinthinus	Anodorhynchus_hyacinthinus	Anodorhynchus	Psittacidae	22.7411954	Frugivore	Bird
Anodorhynchus_leari	Anodorhynchus_leari	Anodorhynchus	Psittacidae	19.55289257	Frugivore	Bird
Ara_leari	Anodorhynchus_leari	Anodorhynchus	Psittacidae	19.55289257	Frugivore	Bird
Ara_ararauna	Ara_ararauna	Ara	Psittacidae	21.13969435	Omnivore	Bird
Ara_chloropterus	Ara_chloropterus	Ara	Psittacidae	21.85038818	Omnivore	Bird
Ara_macao	Ara_macao	Ara	Psittacidae	20.21583164	Omnivore	Bird
Aratinga_weddellii	Aratinga_weddellii	Aratinga	Psittacidae	7.640199803	Frugivore	Bird
Brotogeris_chiriri	Brotogeris_chiriri	Brotogeris	Psittacidae	5.986941687	Frugivore	Bird
Brotogeris_jugularis	Brotogeris_jugularis	Brotogeris	Psittacidae	6.053987089	Omnivore	Bird
Brotogeris_tirica	Brotogeris_tirica	Brotogeris	Psittacidae	6.045659333	Omnivore	Bird
Brotogeris_versicolurus	Brotogeris_versicolurus	Brotogeris	Psittacidae	6.388427976	Omnivore	Bird
Diopsittaca_nobilis	Diopsittaca_nobilis	Diopsittaca	Psittacidae	8.834972728	Omnivore	Bird
Aratinga_aurea	Eupsittula_aurea	Eupsittula	Psittacidae	NA	NA	Bird
Eupsittula_aurea	Eupsittula_aurea	Eupsittula	Psittacidae	NA	NA	Bird
Aratinga_canicularis	Eupsittula_canicularis	Eupsittula	Psittacidae	NA	NA	Bird
Eupsittula_canicularis	Eupsittula_canicularis	Eupsittula	Psittacidae	NA	NA	Bird
Eupsittula_pertinax	Eupsittula_pertinax	Eupsittula	Psittacidae	NA	NA	Bird
Forpus_conspicillatus	Forpus_conspicillatus	Forpus	Psittacidae	4.143761404	Omnivore	Bird
Forpus_xanthopterygius	Forpus_xanthopterygius	Forpus	Psittacidae	4.443141601	Omnivore	Bird
Furnarius_rufus	Forpus_xanthopterygius	Forpus	Psittacidae	4.443141601	Omnivore	Bird
Geospiza_fortis	Forpus_xanthopterygius	Forpus	Psittacidae	4.443141601	Omnivore	Bird
Geothlypis_aequinoctalis	Forpus_xanthopterygius	Forpus	Psittacidae	4.443141601	Omnivore	Bird
Geotrygon_versicolor	Forpus_xanthopterygius	Forpus	Psittacidae	4.443141601	Omnivore	Bird
Gnomiropsar_chopi	Forpus_xanthopterygius	Forpus	Psittacidae	4.443141601	Omnivore	Bird
Gnomoripsar_chopi	Forpus_xanthopterygius	Forpus	Psittacidae	4.443141601	Omnivore	Bird
Guarouba_guarouba	Guaruba_guarouba	Guaruba	Psittacidae	9.853253744	Frugivore	Bird
Myiopsitta_monachus	Myiopsitta_monachus	Myiopsitta	Psittacidae	7.997917906	Omnivore	Bird
Ara_manilata	Orthopsittaca_manilatus	Orthopsittaca	Psittacidae	NA	NA	Bird
Orthopsittaca_manilata	Orthopsittaca_manilatus	Orthopsittaca	Psittacidae	NA	NA	Bird
Orthopsittaca_manilatus	Orthopsittaca_manilatus	Orthopsittaca	Psittacidae	NA	NA	Bird
Pionites_melanocephala	Pionites_melanocephalus	Pionites	Psittacidae	8.780598345	Granivore	Bird
Pionus_maximiliani	Pionus_maximiliani	Pionus	Psittacidae	11.78547239	Granivore	Bird
Pionus_menstruus	Pionus_menstruus	Pionus	Psittacidae	11.01958034	Omnivore	Bird
Pionus_mentruus	Pionus_menstruus	Pionus	Psittacidae	11.01958034	Omnivore	Bird
Thectocercus_acuticaudatus	Psittacara_acuticaudatus	Psittacara	Psittacidae	NA	NA	Bird
Aratinga_leucophtalma	Psittacara_leucophthalmus	Psittacara	Psittacidae	NA	NA	Bird
Psittacara_hockingi	Psittacara_mitratus	Psittacara	Psittacidae	NA	NA	Bird
Pyrrhura_frontalis	Pyrrhura_frontalis	Pyrrhura	Psittacidae	6.406624262	Omnivore	Bird
Pyrrhura_snethlageae	Pyrrhura_snethlageae	Pyrrhura	Psittacidae	NA	NA	Bird
Touit_purpuratus	Touit_purpuratus	Touit	Psittacidae	5.906032765	Frugivore	Bird
Psophia_crepitans	Psophia_crepitans	Psophia	Psophiidae	20.31069026	Frugivore	Bird
Phainoptila_melanoxantha	Phainoptila_melanoxantha	Phainoptila	Ptiliogonatidae	5.744184933	Frugivore	Bird
Aramides_cajanea	Aramides_cajaneus	Aramides	Rallidae	NA	NA	Bird
Aramides_cajaneus	Aramides_cajaneus	Aramides	Rallidae	NA	NA	Bird
Aramides_saracura	Aramides_saracura	Aramides	Rallidae	15.36963424	Insectivore	Bird
Aulacorhynchus_atrogularis	Aulacorhynchus_atrogularis	Aulacorhynchus	Ramphastidae	NA	NA	Bird
Aulacorhynchus_whitelianus	Aulacorhynchus_whitelianus	Aulacorhynchus	Ramphastidae	NA	NA	Bird
Pteroglossus_aracari	Pteroglossus_aracari	Pteroglossus	Ramphastidae	11.00354912	Frugivore	Bird
Pteroglosus_azara	Pteroglossus_azara	Pteroglossus	Ramphastidae	8.668688807	Frugivore	Bird
Baillonius_bailloni	Pteroglossus_bailloni	Pteroglossus	Ramphastidae	8.708964139	Frugivore	Bird
Pteroglossus_bailloni	Pteroglossus_bailloni	Pteroglossus	Ramphastidae	8.708964139	Frugivore	Bird
Pteroglossus_bitorquatus	Pteroglossus_bitorquatus	Pteroglossus	Ramphastidae	8.604526001	Frugivore	Bird
Pteroglossus_castanotis	Pteroglossus_castanotis	Pteroglossus	Ramphastidae	11.15369885	Frugivore	Bird
Pteroglossus_inscriptus	Pteroglossus_inscriptus	Pteroglossus	Ramphastidae	8.164126021	Frugivore	Bird
Pteroglossus_torquatus	Pteroglossus_torquatus	Pteroglossus	Ramphastidae	10.38728963	Frugivore	Bird
Ramphastos_ambiguus	Ramphastos_ambiguus	Ramphastos	Ramphastidae	16.67706451	Frugivore	Bird
Ramphastos_dicolorus	Ramphastos_ambiguus	Ramphastos	Ramphastidae	16.67706451	Frugivore	Bird
Ramphastos_dicolorus	Ramphastos_dicolorus	Ramphastos	Ramphastidae	12.42645905	Frugivore	Bird
Ramphastos_sulphuratus	Ramphastos_sulfuratus	Ramphastos	Ramphastidae	13.6324825	Frugivore	Bird
Ramphastos_toco	Ramphastos_toco	Ramphastos	Ramphastidae	16.29700662	Frugivore	Bird
Ramphastos_tucanus	Ramphastos_tucanus	Ramphastos	Ramphastidae	16.76456576	Frugivore	Bird
Rhamphastos_tucanus	Ramphastos_tucanus	Ramphastos	Ramphastidae	16.76456576	Frugivore	Bird
Ramphastos_vitellinus	Ramphastos_vitellinus	Ramphastos	Ramphastidae	12.89367109	Frugivore	Bird
Selenidera_gouldii	Selenidera_gouldii	Selenidera	Ramphastidae	9.558574136	Frugivore	Bird
Selenidera_maculirostris	Selenidera_maculirostris	Selenidera	Ramphastidae	9.159978651	Frugivore	Bird
Selenidera_piperivora	Selenidera_piperivora	Selenidera	Ramphastidae	8.734819986	Frugivore	Bird
Rhea_americana	Rhea_americana	Rhea	Rheidae	78.3924668	Omnivore	Bird
Semnornis_frantzii	Semnornis_frantzii	Semnornis	Semnornithidae	5.801721141	Frugivore	Bird
Spindalis_zena	Spindalis_zena	Spindalis	Spindalidae	4.072060957	Frugivore	Bird
Steatornis_carpipensis	Steatornis_caripensis	Steatornis	Steatornithidae	13.60803141	Frugivore	Bird
Asio_flameus	Asio_flammeus	Asio	Strigidae	12.28867154	Carnivora	Bird
Drymophila_ferruginea	Drymophila_ferruginea	Drymophila	Thamnophilidae	2.787948066	Insectivore	Bird
Formicivora_rufa	Formicivora_rufa	Formicivora	Thamnophilidae	2.810672434	Insectivore	Bird
Taraba_major	Taraba_major	Taraba	Thamnophilidae	5.884499598	Insectivore	Bird
Tamnophilus_caerulescens	Thamnophilus_caerulescens	Thamnophilus	Thamnophilidae	3.759486786	Insectivore	Bird
Thamnophilus_caerulescens	Thamnophilus_caerulescens	Thamnophilus	Thamnophilidae	3.759486786	Insectivore	Bird
Tamnophilus_doliatus	Thamnophilus_doliatus	Thamnophilus	Thamnophilidae	4.186420388	Insectivore	Bird
Thamnophilus_doliatus	Thamnophilus_doliatus	Thamnophilus	Thamnophilidae	4.186420388	Insectivore	Bird
Tamnophilus_punctatus	Thamnophilus_punctatus	Thamnophilus	Thamnophilidae	3.624809481	Insectivore	Bird
Poospiza_thoracica	Castanozoster_thoracicus	Castanozoster	Thraupidae	NA	NA	Bird
Cissopis_leveriana	Cissopis_leverianus	Cissopis	Thraupidae	6.558838911	Omnivore	Bird
Cissopis_leverianus	Cissopis_leverianus	Cissopis	Thraupidae	6.558838911	Omnivore	Bird
Coereba_flaveola	Coereba_flaveola	Coereba	Thraupidae	2.719462028	Nectarivore	Bird
Conirostrum_leucogenys	Conirostrum_leucogenys	Conirostrum	Thraupidae	2.328206061	Insectivore	Bird
Conirostrum_speciosum	Conirostrumeciosum	Conirostrumeciosum	Thraupidae	NA	NA	Bird
Coryphospingus_cucullatus	Coryphospingus_cucullatus	Coryphospingus	Thraupidae	3.173160857	Omnivore	Bird
Lanio_cuculatus	Coryphospingus_cucullatus	Coryphospingus	Thraupidae	3.173160857	Omnivore	Bird
Coryphospingus_pileatus	Coryphospingus_pileatus	Coryphospingus	Thraupidae	3.269677745	Omnivore	Bird
Cyanerpes_cyaneus	Cyanerpes_cyaneus	Cyanerpes	Thraupidae	3.145988144	Omnivore	Bird
Cypsnagra_hirundinacea	Cypsnagra_hirundinacea	Cypsnagra	Thraupidae	4.46794981	Insectivore	Bird
Euphonia_hirundinaceae	Cypsnagra_hirundinacea	Cypsnagra	Thraupidae	4.46794981	Insectivore	Bird
Dacnis_cayana	Dacnis_cayana	Dacnis	Thraupidae	3.046347561	Frugivore	Bird
Dacnis_lineata	Dacnis_lineata	Dacnis	Thraupidae	2.833159967	Frugivore	Bird
Dacnis_nigripes	Dacnis_nigripes	Dacnis	Thraupidae	3.145988144	Omnivore	Bird
Embernagra_longicauda	Embernagra_longicauda	Embernagra	Thraupidae	5.069535976	Omnivore	Bird
Eucometis_penicilatta	Eucometis_penicillata	Eucometis	Thraupidae	4.184401839	Insectivore	Bird
Eucometis_penicillata	Eucometis_penicillata	Eucometis	Thraupidae	4.184401839	Insectivore	Bird
Lanio_penicillatus	Eucometis_penicillata	Eucometis	Thraupidae	4.184401839	Insectivore	Bird
Euneornis_campestris	Euneornis_campestris	Euneornis	Thraupidae	3.333823965	Nectarivore	Bird
Gnorimopsar_chopi	Geospiza_fortis	Geospiza	Thraupidae	3.975741382	Granivore	Bird
Camarhynchus_parvulus	Geospiza_parvula	Geospiza	Thraupidae	NA	NA	Bird
Haplospiza_unicolor	Haplospiza_unicolor	Haplospiza	Thraupidae	3.267820843	Granivore	Bird
Hemithraupis_flavicollis	Hemithraupis_flavicollis	Hemithraupis	Thraupidae	3.025904243	Insectivore	Bird
Hemithraupis_guira	Hemithraupis_guira	Hemithraupis	Thraupidae	2.94226957	Insectivore	Bird
Hemithraupis_ruficapilla	Hemithraupis_ruficapilla	Hemithraupis	Thraupidae	2.833159967	Insectivore	Bird
Tachyphonus_cristatus	Islerothraupis_cristata	Islerothraupis	Thraupidae	NA	NA	Bird
Tachyphonus_luctuosus	Islerothraupis_luctuosa	Islerothraupis	Thraupidae	NA	NA	Bird
Lanio_aurantius	Lanio_aurantius	Lanio	Thraupidae	4.683604679	Insectivore	Bird
Lanio_versicolor	Lanio_versicolor	Lanio	Thraupidae	3.422765743	Insectivore	Bird
Loxipasser_anoxanthus	Loxipasser_anoxanthus	Loxipasser	Thraupidae	2.877451052	Omnivore	Bird
Poospiza_cinerea	Microspingus_cinereus	Microspingus	Thraupidae	NA	NA	Bird
Poospiza_lateralis	Microspingus_lateralis	Microspingus	Thraupidae	NA	NA	Bird
Nemosia_pileata	Nemosia_pileata	Nemosia	Thraupidae	3.333823965	Insectivore	Bird
Neothraupis_fasciata	Neothraupis_fasciata	Neothraupis	Thraupidae	4.170912321	Insectivore	Bird
Orchesticus_abeillei	Orchesticus_abeillei	Orchesticus	Thraupidae	4.474123891	Insectivore	Bird
Thraupis_bonariensis	Pipraeidea_bonariensis	Pipraeidea	Thraupidae	NA	NA	Bird
Pipraeidea_melanonota	Pipraeidea_melanonota	Pipraeidea	Thraupidae	3.751738359	Frugivore	Bird
Platyspiza_crassirostris	Platyspiza_crassirostris	Platyspiza	Thraupidae	4.712546184	NA	Bird
Ramphocelus_bresilius	Ramphocelus_bresilius	Ramphocelus	Thraupidae	4.559422168	Omnivore	Bird
Ramphocelus_carbo	Ramphocelus_carbo	Ramphocelus	Thraupidae	4.110871283	Frugivore	Bird
Ramphocelus_costaricensis	Ramphocelus_costaricensis	Ramphocelus	Thraupidae	4.458667801	Omnivore	Bird
Ramphocelus_dimidiatus	Ramphocelus_dimidiatus	Ramphocelus	Thraupidae	4.251016076	Omnivore	Bird
Ramphocelus_passerinii	Ramphocelus_passerinii	Ramphocelus	Thraupidae	4.504829205	Omnivore	Bird
Saltatriculla_atricollis	Saltator_atricollis	Saltator	Thraupidae	5.645068183	Granivore	Bird
Saltator_coerulescens	Saltator_coerulescens	Saltator	Thraupidae	5.69490744	Omnivore	Bird
Saltator_fuliginosus	Saltator_fuliginosus	Saltator	Thraupidae	5.491993904	Insectivore	Bird
Saltator_maxillosus	Saltator_maxillosus	Saltator	Thraupidae	5.506139333	NA	Bird
Saltator_maximus	Saltator_maximus	Saltator	Thraupidae	5.353707925	Frugivore	Bird
Saltator_merianae	Saltator_merianae	Saltator	Thraupidae	NA	NA	Bird
Saltator_similis	Saltator_similis	Saltator	Thraupidae	5.137095778	Insectivore	Bird
Saltatricula_atricollis	Saltatricula_atricollis	Saltatricula	Thraupidae	NA	NA	Bird
Schistochlamys_melanopis	Schistochlamys_melanopis	Schistochlamys	Thraupidae	4.56543564	Omnivore	Bird
Schistochlamys_melanops	Schistochlamys_melanopis	Schistochlamys	Thraupidae	4.56543564	Omnivore	Bird
Schistochlamys_ruficapillus	Schistochlamys_ruficapillus	Schistochlamys	Thraupidae	4.455568196	Frugivore	Bird
Sicalis_flaveola	Sicalis_flaveola	Sicalis	Thraupidae	3.413129628	Granivore	Bird
Sporophila_sp	Sporophila	Sporophila	Thraupidae	NA	NA	Bird
Oryzoborus_angolensis	Sporophila_angolensis	Sporophila	Thraupidae	NA	NA	Bird
Sporophila_caerulescens	Sporophila_caerulescens	Sporophila	Thraupidae	2.686160472	Granivore	Bird
Sporophila_intermedia	Sporophila_intermedia	Sporophila	Thraupidae	2.952893007	Granivore	Bird
Sporophila_leucoptera	Sporophila_leucoptera	Sporophila	Thraupidae	3.288171706	Granivore	Bird
Sporophila_nigricollis	Sporophila_nigricollis	Sporophila	Thraupidae	2.67051472	Granivore	Bird
Sporophila_turqueola	Sporophila_torqueola	Sporophila	Thraupidae	2.558751011	Granivore	Bird
Stephanophorus_diadematus	Stephanophorus_diadematus	Stephanophorus	Thraupidae	4.706776421	Frugivore	Bird
Tachyphonus_coronatus	Tachyphonus_coronatus	Tachyphonus	Thraupidae	4.335632999	Insectivore	Bird
Tachyphonus_rufus	Tachyphonus_rufus	Tachyphonus	Thraupidae	4.64856441	Insectivore	Bird
Tangara_sp	Tangara	Tangara	Thraupidae	NA	NA	Bird
Thraupis_abbas	Tangara_abbas	Tangara	Thraupidae	NA	NA	Bird
Tangara_cayana	Tangara_cayana	Tangara	Thraupidae	3.508794408	Frugivore	Bird
Tangara_chilensis	Tangara_chilensis	Tangara	Thraupidae	3.654673169	Frugivore	Bird
Tangara_cyanicollis	Tangara_cyanicollis	Tangara	Thraupidae	3.422765743	Frugivore	Bird
Tangara_cyanocephala	Tangara_cyanocephala	Tangara	Thraupidae	3.508794408	Frugivore	Bird
Tangara_cyanoptera	Tangara_cyanoptera	Tangara	Thraupidae	3.792570533	Frugivore	Bird
Tangara_cyanoventris	Tangara_cyanoptera	Tangara	Thraupidae	3.792570533	Frugivore	Bird
Thraupis_cyanoptera	Tangara_cyanoptera	Tangara	Thraupidae	3.792570533	Frugivore	Bird
Tangara_cyanoventris	Tangara_cyanoventris	Tangara	Thraupidae	3.378676092	Frugivore	Bird
Tangara_desmaresti	Tangara_desmaresti	Tangara	Thraupidae	3.7048033	Frugivore	Bird
Thraupis_episcopus	Tangara_episcopus	Tangara	Thraupidae	NA	NA	Bird
Tangara_gyrola	Tangara_gyrola	Tangara	Thraupidae	3.751738359	Frugivore	Bird
Tangara_heinei	Tangara_heinei	Tangara	Thraupidae	3.688985061	Frugivore	Bird
Tangara_icterocephala	Tangara_icterocephala	Tangara	Thraupidae	3.828307046	Frugivore	Bird
Tangara_inornata	Tangara_inornata	Tangara	Thraupidae	3.508794408	Frugivore	Bird
Tangara_mexicana	Tangara_mexicana	Tangara	Thraupidae	3.712679529	Omnivore	Bird
Tangara_nigrocincta	Tangara_nigrocincta	Tangara	Thraupidae	3.422765743	Frugivore	Bird
Thraupis_ornata	Tangara_ornata	Tangara	Thraupidae	NA	NA	Bird
Tangara_palmarum	Tangara_palmarum	Tangara	Thraupidae	NA	NA	Bird
Tangara_palmarum_	Tangara_palmarum	Tangara	Thraupidae	NA	NA	Bird
Thraupis_palmarum	Tangara_palmarum	Tangara	Thraupidae	NA	NA	Bird
Tangara_peruviana	Tangara_peruviana	Tangara	Thraupidae	3.843383022	Frugivore	Bird
Tangara_preciosa	Tangara_preciosa	Tangara	Thraupidae	3.888155369	Frugivore	Bird
Tangara_sayaca	Tangara_sayaca	Tangara	Thraupidae	NA	NA	Bird
Thraupis_sayaca	Tangara_sayaca	Tangara	Thraupidae	NA	NA	Bird
Tangara_seledon	Tangara_seledon	Tangara	Thraupidae	3.567416295	Frugivore	Bird
Teresina_viridis	Tersina_viridis	Tersina	Thraupidae	4.316297601	Frugivore	Bird
Tersina_viridis	Tersina_viridis	Tersina	Thraupidae	4.316297601	Frugivore	Bird
Thlypopsis_sordida	Thlypopsis_sordida	Thlypopsis	Thraupidae	3.422765743	Insectivore	Bird
Thraupis_sp	Thraupis	Thraupis	Thraupidae	NA	NA	Bird
Trichothraupis_melanops	Trichothraupis_melanops	Trichothraupis	Thraupidae	3.871817124	Insectivore	Bird
Volatinia_jacarina	Volatinia_jacarina	Volatinia	Thraupidae	2.71118656	Granivore	Bird
Crypturellus_parvirostris	Crypturellus_parvirostris	Crypturellus	Tinamidae	9.962531959	Granivore	Bird
Tinamus_major	Tinamus_major	Tinamus	Tinamidae	20.31249557	Omnivore	Bird
Tinamus_solitarius	Tinamus_solitarius	Tinamus	Tinamidae	23.14761339	Granivore	Bird
Oxyruncus_cristatus	Oxyruncus_cristatus	Oxyruncus	Tityridae	5.069535976	Frugivore	Bird
Pachyramphus_aglaiae	Pachyramphus_aglaiae	Pachyramphus	Tityridae	4.360602335	Insectivore	Bird
Pachyramphus_castaneus	Pachyramphus_castaneus	Pachyramphus	Tityridae	3.632912292	Insectivore	Bird
Pachyramphus_cinnamomeus	Pachyramphus_cinnamomeus	Pachyramphus	Tityridae	3.696905203	Insectivore	Bird
Pachyramphus_minor	Pachyramphus_minor	Pachyramphus	Tityridae	4.775415973	Omnivore	Bird
Pachyramphus_polychopterus	Pachyramphus_polychopterus	Pachyramphus	Tityridae	3.73617864	Insectivore	Bird
Pachyramphus_validus	Pachyramphus_validus	Pachyramphus	Tityridae	5.121608019	Insectivore	Bird
Pachyrramphus_validus	Pachyramphus_validus	Pachyramphus	Tityridae	5.121608019	Insectivore	Bird
Pachyramphus_viridis	Pachyramphus_viridis	Pachyramphus	Tityridae	3.751738359	Insectivore	Bird
Schiffornis_turdina	Schiffornis_turdina	Schiffornis	Tityridae	4.486438868	Omnivore	Bird
Schiffornis_virescens	Schiffornis_virescens	Schiffornis	Tityridae	4.08875272	Omnivore	Bird
Tityra_cayana	Tityra_cayana	Tityra	Tityridae	6.253536302	Frugivore	Bird
Tityra_inquisitor	Tityra_inquisitor	Tityra	Tityridae	5.126777376	Frugivore	Bird
Tityra_semifasciata	Tityra_semifasciata	Tityra	Tityridae	6.681036813	Frugivore	Bird
Campylorhynchus_griseus	Campylorhynchus_griseus	Campylorhynchus	Troglodytidae	5.090448074	Insectivore	Bird
Campylorhynchus_rufinucha	Campylorhynchus_rufinucha	Campylorhynchus	Troglodytidae	4.443141601	Insectivore	Bird
Campylorhynchus_zonatus	Campylorhynchus_zonatus	Campylorhynchus	Troglodytidae	4.660282642	Insectivore	Bird
Thryothorus_rufalbus	Thryophilus_rufalbus	Thryophilus	Troglodytidae	NA	NA	Bird
Troglodytes_aedon	Troglodytes_aedon	Troglodytes	Troglodytidae	2.816316254	Insectivore	Bird
Pharomachrus_mocinno	Pharomachrus_mocinno	Pharomachrus	Trogonidae	10.03761196	Frugivore	Bird
Trogon_citreolus	Trogon_citreolus	Trogon	Trogonidae	6.670048231	Omnivore	Bird
Trogon_collaris	Trogon_collaris	Trogon	Trogonidae	6.145849156	Insectivore	Bird
Trogon_curucui	Trogon_curucui	Trogon	Trogonidae	5.654172454	Insectivore	Bird
Trogon_elegans	Trogon_elegans	Trogon	Trogonidae	6.363540953	Insectivore	Bird
Trogon_massena	Trogon_massena	Trogon	Trogonidae	8.57815721	Frugivore	Bird
Trogon_melanocephalus	Trogon_melanocephalus	Trogon	Trogonidae	6.889024962	Omnivore	Bird
Trogon_melanurus	Trogon_melanurus	Trogon	Trogonidae	7.821722908	Frugivore	Bird
Trogon_rufus	Trogon_rufus	Trogon	Trogonidae	5.645068183	Insectivore	Bird
Trogon_surrucura	Trogon_surrucura	Trogon	Trogonidae	6.456224615	Insectivore	Bird
Trogon_violaceus	Trogon_violaceus	Trogon	Trogonidae	5.298654673	Frugivore	Bird
Trogon_viridis	Trogon_viridis	Trogon	Trogonidae	7.048000954	Frugivore	Bird
Catharus_aurantiirostris	Catharus_aurantiirostris	Catharus	Turdidae	4.367611377	Insectivore	Bird
Catharus_fuscescens	Catharus_fuscescens	Catharus	Turdidae	4.498709973	Insectivore	Bird
Catharus_minimus	Catharus_minimus	Catharus	Turdidae	4.479055176	Insectivore	Bird
Catharus_ustulatus	Catharus_ustulatus	Catharus	Turdidae	4.399287645	Insectivore	Bird
Hylocichla_mustelina	Hylocichla_mustelina	Hylocichla	Turdidae	5.472584724	Insectivore	Bird
Myadestes_genibarbis	Myadestes_genibarbis	Myadestes	Turdidae	4.329200362	Frugivore	Bird
Myadestes_melanops	Myadestes_melanops	Myadestes	Turdidae	4.510937629	Frugivore	Bird
Turdus_sp	Turdus	Turdus	Turdidae	NA	NA	Bird
Turdus_albicollis	Turdus_albicollis	Turdus	Turdidae	5.654172454	Insectivore	Bird
Turdus_amaurochalinus	Turdus_amaurochalinus	Turdus	Turdidae	5.82802725	Insectivore	Bird
Turdus_aurantius	Turdus_aurantius	Turdus	Turdidae	6.775301733	Omnivore	Bird
Turdus_falcklandii	Turdus_falcklandii	Turdus	Turdidae	7.189483541	Omnivore	Bird
Turdus_flavipes	Turdus_flavipes	Turdus	Turdidae	6.134004222	Frugivore	Bird
Turdus_fumigatus	Turdus_fumigatus	Turdus	Turdidae	6.547582385	Omnivore	Bird
Turdus_grayi	Turdus_grayi	Turdus	Turdidae	6.688349479	Insectivore	Bird
Turdus_hauxwelli	Turdus_hauxwelli	Turdus	Turdidae	6.289295687	Omnivore	Bird
Turdus_iliacu	Turdus_iliacus	Turdus	Turdidae	5.970026833	Insectivore	Bird
Turdus_jamaicensis	Turdus_jamaicensis	Turdus	Turdidae	5.880180631	Omnivore	Bird
Turdus_leucomelas	Turdus_leucomelas	Turdus	Turdidae	6.293252622	Frugivore	Bird
Turdus_merula	Turdus_merula	Turdus	Turdidae	7.475995502	Insectivore	Bird
Turdus_migratorius	Turdus_migratorius	Turdus	Turdidae	6.651681348	Omnivore	Bird
Turdus_naumanni	Turdus_naumanni	Turdus	Turdidae	6.452014483	Insectivore	Bird
Turdus_pallidus	Turdus_pallidus	Turdus	Turdidae	6.41048714	Insectivore	Bird
Turdus_philomelos	Turdus_philomelos	Turdus	Turdidae	6.239157717	Insectivore	Bird
Turdus_rufiventris	Turdus_rufiventris	Turdus	Turdidae	6.306682036	Omnivore	Bird
Turdus_subalaris	Turdus_subalaris	Turdus	Turdidae	5.444496048	Frugivore	Bird
Attila_bolivianus	Attila_bolivianus	Attila	Tyrannidae	4.936206375	Insectivore	Bird
Attila_phoenicurus	Attila_phoenicurus	Attila	Tyrannidae	4.523122265	Insectivore	Bird
Attila_rufus	Attila_rufus	Attila	Tyrannidae	5.100862275	Insectivore	Bird
Attila_spadiceus	Attilaadiceus	Attilaadiceus	Tyrannidae	NA	NA	Bird
Camptostoma_obsoletum	Camptostoma_obsoletum	Camptostoma	Tyrannidae	2.480561681	Insectivore	Bird
Capsiempis_flaveola	Capsiempis_flaveola	Capsiempis	Tyrannidae	2.426599088	Insectivore	Bird
Casiornis_rufus	Casiornis_rufus	Casiornis	Tyrannidae	4.032762726	Insectivore	Bird
Cnemotriccus_fuscatus	Cnemotriccus_fuscatus	Cnemotriccus	Tyrannidae	3.106631151	Insectivore	Bird
Cnemotricus_fuscatus	Cnemotriccus_fuscatus	Cnemotriccus	Tyrannidae	3.106631151	Insectivore	Bird
Colonia_colonus	Colonia_colonus	Colonia	Tyrannidae	3.534073211	Insectivore	Bird
Colorhamphus_parvirostris	Colorhamphus_parvirostris	Colorhamphus	Tyrannidae	2.787948066	Insectivore	Bird
Conopias_trivirgata	Conopias_trivirgatus	Conopias	Tyrannidae	4.001531985	Insectivore	Bird
Conopias_trivirgatus	Conopias_trivirgatus	Conopias	Tyrannidae	4.001531985	Insectivore	Bird
Contopus_cinereus	Contopus_cinereus	Contopus	Tyrannidae	2.899267123	Insectivore	Bird
Elaenia_albiceps	Elaenia_albiceps	Elaenia	Tyrannidae	3.288171706	Insectivore	Bird
Elaenia_chilensis	Elaenia_albiceps	Elaenia	Tyrannidae	3.288171706	Insectivore	Bird
Elaenia_chiriquensis	Elaenia_chiriquensis	Elaenia	Tyrannidae	3.27894171	Omnivore	Bird
Elaenia_cristata	Elaenia_cristata	Elaenia	Tyrannidae	3.525673169	Insectivore	Bird
Elaenia_fallax	Elaenia_fallax	Elaenia	Tyrannidae	3.184714009	Insectivore	Bird
Elaenia_flavogaster	Elaenia_flavogaster	Elaenia	Tyrannidae	4.032762726	Insectivore	Bird
Elaenia_mesoleuca	Elaenia_mesoleuca	Elaenia	Tyrannidae	3.474715718	Insectivore	Bird
Elaenia_obscura	Elaenia_obscura	Elaenia	Tyrannidae	3.96853854	Insectivore	Bird
Elaenia_parvirostris	Elaenia_parvirostris	Elaenia	Tyrannidae	3.126390318	Insectivore	Bird
Elaenia_sptrepera	Elaenia_strepera	Elaenia	Tyrannidae	3.616683006	Insectivore	Bird
Elaenia_spectabilis	Elaeniaectabilis	Elaeniaectabilis	Tyrannidae	NA	NA	Bird
Empidonax_virescens	Empidonax_virescens	Empidonax	Tyrannidae	3.005279409	Insectivore	Bird
Empidonomus_varius	Empidonomus_varius	Empidonomus	Tyrannidae	4.191125405	Insectivore	Bird
Fluvicola_nengeta	Fluvicola_nengeta	Fluvicola	Tyrannidae	3.751738359	Insectivore	Bird
Gubernetes_yetapa	Gubernetes_yetapa	Gubernetes	Tyrannidae	6.265485642	Insectivore	Bird
Hemitriccus_margaritaceiventer	Hemitriccus_margaritaceiventer	Hemitriccus	Tyrannidae	2.520051369	Insectivore	Bird
Knipolegus_cyanirostris	Knipolegus_cyanirostris	Knipolegus	Tyrannidae	3.27894171	Insectivore	Bird
Knipolegus_lophotes	Knipolegus_lophotes	Knipolegus	Tyrannidae	4.492579879	Insectivore	Bird
Knipoleugus_lophotes	Knipolegus_lophotes	Knipolegus	Tyrannidae	4.492579879	Insectivore	Bird
Knipolegus_nigerrimus	Knipolegus_nigerrimus	Knipolegus	Tyrannidae	3.696905203	Insectivore	Bird
Lathrotriccus_euleri	Lathrotriccus_euleri	Lathrotriccus	Tyrannidae	2.869764326	Insectivore	Bird
Legatus_leucophaius	Legatus_leucophaius	Legatus	Tyrannidae	3.843383022	Frugivore	Bird
Leptopogon_amaurocephalus	Leptopogon_amaurocephalus	Leptopogon	Tyrannidae	2.910095394	Insectivore	Bird
Machetornis_rixosa	Machetornis_rixosa	Machetornis	Tyrannidae	4.354856726	Insectivore	Bird
Megarrynchus_pitangua	Megarynchus_pitangua	Megarynchus	Tyrannidae	6.325185119	Insectivore	Bird
Megarynchus_pitanga	Megarynchus_pitangua	Megarynchus	Tyrannidae	6.325185119	Insectivore	Bird
Megarynchus_pitangua	Megarynchus_pitangua	Megarynchus	Tyrannidae	6.325185119	Insectivore	Bird
Mionectes_oleagineus	Mionectes_oleagineus	Mionectes	Tyrannidae	2.852093178	Frugivore	Bird
Mionectes_olivaceus	Mionectes_olivaceus	Mionectes	Tyrannidae	3.27060568	Frugivore	Bird
Mionectes_rufiventris	Mionectes_rufiventris	Mionectes	Tyrannidae	3.076681684	Insectivore	Bird
Muscipipra_vetula	Muscipipra_vetula	Muscipipra	Tyrannidae	4.184401839	Insectivore	Bird
Myiarchus_cinerascens	Myiarchus_cinerascens	Myiarchus	Tyrannidae	4.264176623	Insectivore	Bird
Myiarchus_crinitus	Myiarchus_crinitus	Myiarchus	Tyrannidae	4.510937629	Insectivore	Bird
Myiarchus_ferox	Myiarchus_ferox	Myiarchus	Tyrannidae	4.217880261	Insectivore	Bird
Myiarchus_nuttingi	Myiarchus_nuttingi	Myiarchus	Tyrannidae	3.902931104	Insectivore	Bird
Myiarchus_panamensis	Myiarchus_panamensis	Myiarchus	Tyrannidae	4.486438868	Insectivore	Bird
Myiarchus_swainsoni	Myiarchus_swainsoni	Myiarchus	Tyrannidae	4.053877056	Insectivore	Bird
Myiarchus_tuberculifer	Myiarchus_tuberculifer	Myiarchus	Tyrannidae	3.483276124	Insectivore	Bird
Myarchus_tyrannulus	Myiarchus_tyrannulus	Myiarchus	Tyrannidae	4.709662456	Insectivore	Bird
Myiarchus_tyrannulus	Myiarchus_tyrannulus	Myiarchus	Tyrannidae	4.709662456	Insectivore	Bird
Myiarchus_validus	Myiarchus_validus	Myiarchus	Tyrannidae	4.995442686	Omnivore	Bird
Myiodynastes_ludeiventris	Myiodynastes_luteiventris	Myiodynastes	Tyrannidae	5.318401791	Omnivore	Bird
Myiodynastes_luteiventris	Myiodynastes_luteiventris	Myiodynastes	Tyrannidae	5.318401791	Omnivore	Bird
Myiodynastes_maculatus	Myiodynastes_maculatus	Myiodynastes	Tyrannidae	5.131939957	Insectivore	Bird
Myiopagis_caniceps	Myiopagis_caniceps	Myiopagis	Tyrannidae	2.776494884	Insectivore	Bird
Myiopagis_gaimardii	Myiopagis_gaimardii	Myiopagis	Tyrannidae	2.944398253	Insectivore	Bird
Myiopagis_viridicata	Myiopagis_viridicata	Myiopagis	Tyrannidae	2.889476443	Insectivore	Bird
Myiophobus_fasciatus	Myiophobus_fasciatus	Myiophobus	Tyrannidae	2.706442914	Insectivore	Bird
Myiozetetes_cayanensis	Myiozetetes_cayanensis	Myiozetetes	Tyrannidae	4.109493414	Insectivore	Bird
Myiozetetes_granadensis	Myiozetetes_granadensis	Myiozetetes	Tyrannidae	4.335632999	Insectivore	Bird
Myiozetetes_luteiventris	Myiozetetes_luteiventris	Myiozetetes	Tyrannidae	3.59215967	Insectivore	Bird
Myiozetetes_similis	Myiozetetes_similis	Myiozetetes	Tyrannidae	4.251016076	Insectivore	Bird
Ochthornis_littoralis	Ochthornis_littoralis	Ochthornis	Tyrannidae	3.086706911	Insectivore	Bird
Phaeomyias_murina	Phaeomyias_murina	Phaeomyias	Tyrannidae	2.718281828	Insectivore	Bird
Pitangus_lictor	Philohydor_lictor	Philohydor	Tyrannidae	NA	NA	Bird
Phyllomyias_fasciatus	Phyllomyias_fasciatus	Phyllomyias	Tyrannidae	2.753401964	Insectivore	Bird
Phyllomyias_griseocapilla	Phyllomyias_griseocapilla	Phyllomyias	Tyrannidae	2.467215007	Insectivore	Bird
Phylloscartes_sylviolus	Phylloscartes_sylviolus	Phylloscartes	Tyrannidae	2.467215007	Insectivore	Bird
Phylloscartes_ventralis	Phylloscartes_ventralis	Phylloscartes	Tyrannidae	2.506978121	Insectivore	Bird
Pitangus_sulphuratus	Pitangus_sulphuratus	Pitangus	Tyrannidae	6.039403701	Omnivore	Bird
Rhytipterna_holerythra	Rhytipterna_holerythra	Rhytipterna	Tyrannidae	4.786731498	Insectivore	Bird
Satrapa_icterophrys	Satrapa_icterophrys	Satrapa	Tyrannidae	3.790274561	Insectivore	Bird
Serpophaga_subcristata	Serpophaga_subcristata	Serpophaga	Tyrannidae	2.26946458	Insectivore	Bird
Syristes_sibilator	Sirystes_sibilator	Sirystes	Tyrannidae	4.523122265	Insectivore	Bird
Suiriri_suiriri	Suiriri_suiriri	Suiriri	Tyrannidae	3.197168627	Insectivore	Bird
Tolmomyas_flaviventris	Tolmomyias_flaviventris	Tolmomyias	Tyrannidae	2.963466894	Insectivore	Bird
Tolmomyas_flaviventris	Tolmomyias_sulphurescens	Tolmomyias	Tyrannidae	3.175090186	Insectivore	Bird
Tolmomyias_sulphurescens	Tolmomyias_sulphurescens	Tolmomyias	Tyrannidae	3.175090186	Insectivore	Bird
Tyrannopsis_sulphurea	Tyrannopsis_sulphurea	Tyrannopsis	Tyrannidae	5.635944745	Insectivore	Bird
Tyrannus_albogularis	Tyrannus_albogularis	Tyrannus	Tyrannidae	4.803639741	Insectivore	Bird
Tyrannus_melancholicus	Tyrannus_melancholicus	Tyrannus	Tyrannidae	4.820470811	Insectivore	Bird
Tyrannus_savana	Tyrannus_savana	Tyrannus	Tyrannidae	4.498709973	Insectivore	Bird
Tyrannus_savanna	Tyrannus_savana	Tyrannus	Tyrannidae	4.498709973	Insectivore	Bird
Tyrannus_tyrannus	Tyrannus_tyrannus	Tyrannus	Tyrannidae	4.955154391	Insectivore	Bird
Tyrannus_verticalis	Tyrannus_verticalis	Tyrannus	Tyrannidae	4.941629751	Insectivore	Bird
Tyrannus_vociferans	Tyrannus_vociferans	Tyrannus	Tyrannidae	5.253869449	Insectivore	Bird
Xolmis_cinereus	Xolmis_cinereus	Xolmis	Tyrannidae	5.792917832	Insectivore	Bird
Xolmis_velatus	Xolmis_velatus	Xolmis	Tyrannidae	5.424385136	Insectivore	Bird
Cyclarhis_gujanensis	Cyclarhis_gujanensis	Cyclarhis	Vireonidae	4.303344401	Insectivore	Bird
Hylophilus_amaurocephalus	Hylophilus_amaurocephalus	Hylophilus	Vireonidae	2.898181398	Insectivore	Bird
Hylophilus_poicilotis	Hylophilus_poicilotis	Hylophilus	Vireonidae	2.764979827	Insectivore	Bird
Hylophilus_thoracicus	Hylophilus_thoracicus	Hylophilus	Vireonidae	3.126390318	Insectivore	Bird
Hylophilus_decurtatus	Pachysylvia_decurtata	Pachysylvia	Vireonidae	NA	NA	Bird
Vireo_antiloquus	Vireo_altiloquus	Vireo	Vireonidae	3.589695324	Insectivore	Bird
Vireo_chivi	Vireo_chivi	Vireo	Vireonidae	NA	NA	Bird
Vireo_flavoviridis	Vireo_flavoviridis	Vireo	Vireonidae	3.473858164	Insectivore	Bird
Vrieo_flavoviridis	Vireo_flavoviridis	Vireo	Vireonidae	3.473858164	Insectivore	Bird
Vireo_gilvus	Vireo_gilvus	Vireo	Vireonidae	3.012519028	Insectivore	Bird
Vireo_griseus	Vireo_griseus	Vireo	Vireonidae	2.877451052	Insectivore	Bird
Vireo_olivaceus	Vireo_olivaceus	Vireo	Vireonidae	3.339247696	Insectivore	Bird
Vireo_philadelphicus	Vireo_philadelphicus	Vireo	Vireonidae	2.888385917	Insectivore	Bird
Ametrida_centurio	Ametrida_centurio	Ametrida	Phyllostomidae	10.33	Frugivore	Chiroptera
Anoura_caudifer	Anoura_caudifer	Anoura	Phyllostomidae	10.81	Nectarivore	Chiroptera
Anoura_geoffroyi	Anoura_geoffroyi	Anoura	Phyllostomidae	14.62	Nectarivore	Chiroptera
Artbeus_jamaicensis	Artibeus_jamaicensis	Artibeus	Phyllostomidae	42.17	Frugivore	Chiroptera
Artbeus_tolteca	Artibeus_toltecus	Artibeus	Phyllostomidae	15.4	Frugivore	Chiroptera
Artibeus_sp	Artibeus	Artibeus	Phyllostomidae	NA	NA	Chiroptera
Artibeus_cinereus	Artibeus_cinereus	Artibeus	Phyllostomidae	12.63	Frugivore	Chiroptera
Artibeus_concolor	Artibeus_concolor	Artibeus	Phyllostomidae	19.35	Frugivore	Chiroptera
Artibeus_fimbriatus	Artibeus_fimbriatus	Artibeus	Phyllostomidae	63.9	Frugivore	Chiroptera
Artibeus_gnomus	Artibeus_gnomus	Artibeus	Phyllostomidae	10.06	Frugivore	Chiroptera
Artibeus_jamaicensis	Artibeus_jamaicensis	Artibeus	Phyllostomidae	42.17	Frugivore	Chiroptera
Artibeus_lituratus	Artibeus_lituratus	Artibeus	Phyllostomidae	60.54	Frugivore	Chiroptera
Artibeus_lituratus_	Artibeus_lituratus	Artibeus	Phyllostomidae	60.54	Frugivore	Chiroptera
Artibeus_obscurus	Artibeus_obscurus	Artibeus	Phyllostomidae	35.2	Frugivore	Chiroptera
Artibeus_phaeotis	Artibeus_phaeotis	Artibeus	Phyllostomidae	45.18	Frugivore	Chiroptera
Artibeus_planirostris	Artibeus_planirostris	Artibeus	Phyllostomidae	66.73	Frugivore	Chiroptera
Artibeus_toltecus	Artibeus_toltecus	Artibeus	Phyllostomidae	15.4	Frugivore	Chiroptera
Artibeus_watsoni	Artibeus_watsoni	Artibeus	Phyllostomidae	11.2	Frugivore	Chiroptera
Brachyphylla_cavernarum	Brachyphylla_cavernarum	Brachyphylla	Phyllostomidae	46.17	Frugivore	Chiroptera
Brachyphylla_nana	Brachyphylla_nana	Brachyphylla	Phyllostomidae	35.83	Frugivore	Chiroptera
Carollia_benkeithi	Carollia_benkeithi	Carollia	Phyllostomidae	13.5	Frugivore	Chiroptera
Carollia_brevicauda	Carollia_brevicauda	Carollia	Phyllostomidae	14.4	Frugivore	Chiroptera
Carollia_castanea	Carollia_castanea	Carollia	Phyllostomidae	13.27	Frugivore	Chiroptera
Carollia_perspicillata	Carollia_perspicillata	Carollia	Phyllostomidae	18	Frugivore	Chiroptera
Carollia_sowelli	Carollia_sowelli	Carollia	Phyllostomidae	16.5	Frugivore	Chiroptera
Carollia_subrufa	Carollia_subrufa	Carollia	Phyllostomidae	15.59	Frugivore	Chiroptera
Centurio_senex	Centurio_senex	Centurio	Phyllostomidae	21.22	Frugivore	Chiroptera
Chiroderma_doriae	Chiroderma_doriae	Chiroderma	Phyllostomidae	32.91	Frugivore	Chiroptera
Chiroderma_gorgasi	Chiroderma_gorgasi	Chiroderma	Phyllostomidae	NA	Frugivore	Chiroptera
Chiroderma_trinitatum	Chiroderma_trinitatum	Chiroderma	Phyllostomidae	13.68	Frugivore	Chiroptera
Chiroderma_villosum	Chiroderma_villosum	Chiroderma	Phyllostomidae	23.12	Frugivore	Chiroptera
Choeronycteris_mexicana	Choeronycteris_mexicana	Choeronycteris	Phyllostomidae	16.6	Frugivore	Chiroptera
Dermanura_cinerea	Artibeus_cinereus	Artibeus	Phyllostomidae	12.63	Frugivore	Chiroptera
Dermanura_tolteca	Artibeus_toltecus	Artibeus	Phyllostomidae	15.4	Frugivore	Chiroptera
Glossophaga_commissarisi	Glossophaga_commissarisi	Glossophaga	Phyllostomidae	8.9	Insectivore	Chiroptera
Glossophaga_longirostris	Glossophaga_longirostris	Glossophaga	Phyllostomidae	11.92	Insectivore	Chiroptera
Glossophaga_soricina	Glossophaga_soricina	Glossophaga	Phyllostomidae	9.43	Insectivore	Chiroptera
Hsunycteris_thomasi	Hsunycteris_thomasi	Hsunycteris	Phyllostomidae	7.5	NA	Chiroptera
Hylonycteris_underwoodi	Hylonycteris_underwoodi	Hylonycteris	Phyllostomidae	6.65	Nectarivore	Chiroptera
Leptonycteris_curasoae	Leptonycteris_curasoae	Leptonycteris	Phyllostomidae	23.42	Frugivore	Chiroptera
Leptonycteris_nivalis	Leptonycteris_nivalis	Leptonycteris	Phyllostomidae	25.64	Frugivore	Chiroptera
Leptonycteris_yerbabuenae	Leptonycteris_yerbabuenae	Leptonycteris	Phyllostomidae	22.24	Frugivore	Chiroptera
Lonchophylla_dekeyseri	Lonchophylla_dekeyseri	Lonchophylla	Phyllostomidae	11.8	Insectivore	Chiroptera
Lonchophylla_mordax	Lonchophylla_mordax	Lonchophylla	Phyllostomidae	10.7	Insectivore	Chiroptera
Lophostoma_silvicola	Lophostoma_silvicola	Lophostoma	Phyllostomidae	32.08	NA	Chiroptera
Mesophylla_macconnelli	Mesophylla_macconnelli	Mesophylla	Phyllostomidae	6.92	Frugivore	Chiroptera
Micronycteris_hirsuta	Micronycteris_hirsuta	Micronycteris	Phyllostomidae	12.01	Insectivore	Chiroptera
Micronycteris_megalotis	Micronycteris_megalotis	Micronycteris	Phyllostomidae	6.11	Insectivore	Chiroptera
Monophyllus_redmani	Monophyllus_redmani	Monophyllus	Phyllostomidae	8.7	Frugivore	Chiroptera
Noctilio_albiventris	Noctilio_albiventris	Noctilio	Noctilionidae	30.85	Insectivore	Chiroptera
Phylloderma_stenops	Phylloderma_stenops	Phylloderma	Phyllostomidae	53.68	Granivore	Chiroptera
Phyllonycteris_poeyi	Phyllonycteris_poeyi	Phyllonycteris	Phyllostomidae	15.36	Frugivore	Chiroptera
Phyllops_falcatus	Phyllops_falcatus	Phyllops	Phyllostomidae	20.91	Frugivore	Chiroptera
Phyllostomus_discolor	Phyllostomus_discolor	Phyllostomus	Phyllostomidae	34.13	Frugivore	Chiroptera
Phyllostomus_elongatus	Phyllostomus_elongatus	Phyllostomus	Phyllostomidae	40.43	Insectivore	Chiroptera
Phyllostomus_hastatus	Phyllostomus_hastatus	Phyllostomus	Phyllostomidae	87.21	Insectivore	Chiroptera
Platyrrhinus_brachycephalus	Platyrrhinus_brachycephalus	Platyrrhinus	Phyllostomidae	14.1	Frugivore	Chiroptera
Platyrrhinus_dorsalis	Platyrrhinus_dorsalis	Platyrrhinus	Phyllostomidae	26	Frugivore	Chiroptera
Platyrrhinus_helleri	Platyrrhinus_helleri	Platyrrhinus	Phyllostomidae	13.5	Frugivore	Chiroptera
Platyrrhinus_lineatus	Platyrrhinus_lineatus	Platyrrhinus	Phyllostomidae	24.36	Frugivore	Chiroptera
Platyrrhinus_nitelinea	Platyrrhinus_nitelinea	Platyrrhinus	Phyllostomidae	NA	Frugivore	Chiroptera
Platyrrhinus_recifinus	Platyrrhinus_recifinus	Platyrrhinus	Phyllostomidae	22	Frugivore	Chiroptera
Platyrrhinus_sp	Platyrrhinus	Platyrrhinus	Phyllostomidae	NA	Frugivore	Chiroptera
Platyrrhinus_vittatus	Platyrrhinus_vittatus	Platyrrhinus	Phyllostomidae	41.4	Frugivore	Chiroptera
Pygoderma_bilabiatum	Pygoderma_bilabiatum	Pygoderma	Phyllostomidae	18.5	Frugivore	Chiroptera
Rhinophylla_pumilio	Rhinophylla_pumilio	Rhinophylla	Phyllostomidae	9.55	Frugivore	Chiroptera
Sturnira_aratathomasi	Sturnira_aratathomasi	Sturnira	Phyllostomidae	48.63	Frugivore	Chiroptera
Sturnira_erythromos	Sturnira_erythromos	Sturnira	Phyllostomidae	15.1	Frugivore	Chiroptera
Sturnira_giannae	Sturnira_giannae	Sturnira	Phyllostomidae	19.5	Frugivore	Chiroptera
Sturnira_hondurensis	Sturnira_hondurensis	Sturnira	Phyllostomidae	20	Frugivore	Chiroptera
Sturnira_lilium	Sturnira_lilium	Sturnira	Phyllostomidae	21.27	Frugivore	Chiroptera
Sturnira_lillum	Sturnira_lilium	Sturnira	Phyllostomidae	19.1	Frugivore	Chiroptera
Sturnira_ludovici	Sturnira_ludovici	Sturnira	Phyllostomidae	21.02	Frugivore	Chiroptera
Sturnira_mordax	Sturnira_mordax	Sturnira	Phyllostomidae	25.08	Frugivore	Chiroptera
Sturnira_parvidens	Sturnira_parvidens	Sturnira	Phyllostomidae	NA	Frugivore	Chiroptera
Sturnira_tildae	Sturnira_tildae	Sturnira	Phyllostomidae	24.04	Frugivore	Chiroptera
Tonatia_bakeri	Tonatia_bakeri	Tonatia	Phyllostomidae	25	NA	Chiroptera
Trachops_cirrhosus	Trachops_cirrhosus	Trachops	Phyllostomidae	37.67	Insectivore	Chiroptera
Trinycteris_nicefori	Trinycteris_nicefori	Trinycteris	Phyllostomidae	8.25	Insectivore	Chiroptera
Uroderma_biloChiropteraum	Uroderma_biloChiropteraum	Uroderma	Phyllostomidae	16.69	Frugivore	Chiroptera
Uroderma_convexum	Uroderma_convexum	Uroderma	Phyllostomidae	16.5	NA	Chiroptera
Uroderma_magnirostrum	Uroderma_magnirostrum	Uroderma	Phyllostomidae	16.85	Frugivore	Chiroptera
Vampyressa_pusilla	 Vampyriscus_pusilla	Vampyressa	Phyllostomidae	10.98	NA	Chiroptera
Vampyressa_thyone	Vampyriscus_thyone	Vampyressa	Phyllostomidae	12.83	NA	Chiroptera
Vampyriscus_nymphaea	Vampyriscus_nymphaeus	Vampyriscus	Phyllostomidae	11.5	NA	Chiroptera
Vampyrodes_major	Vampyrodes_major	Vampyrodes	Phyllostomidae	38.5	NA	Chiroptera
Tapirus_terrestris	Tapirus_terrestris	Tapirus	Tapiridae	207500.91	Herbivore	Ungulata
Dicotyles_crassus	Pecari_tajacu	Pecari	Tayassuidae	21266.69	Omnivore	Ungulata
Dycotiles_crassus	Pecari_tajacu	Pecari	Tayassuidae	21266.69	Omnivore	Ungulata
Mazama_americana	Mazama_americana	Mazama	Cervidae	22799.75	Herbivore	Ungulata
Mazama_gouazoubira	Mazama_gouazoubira	Mazama	Cervidae	16633.17	Herbivore	Ungulata
Mazama_sp	Mazama	Mazama	Cervidae	NA	Herbivore	Ungulata
Odocoileus_virginianus	Odocoileus_virginianus	Odocoileus	Cervidae	55508.56	Omnivore	Ungulata
Pecari_tajacu	Pecari_tajacu	Pecari	Tayassuidae	21266.69	Omnivore	Ungulata
Tapirella_bairdii	Tapirella_bairdii	Tapirella	Tapiridae	275000	Herbivore	Ungulata
Tapirus_bairdii	Tapirella_bairdii	Tapirella	Tapiridae	275000	Herbivore	Ungulata
Tapirus_pinchaque	Tapirus_pinchaque	Tapirus	Tapiridae	148949.83	Herbivore	Ungulata
Tayassu_pecari	Tayassu_pecari	Tayassu	Tayassuidae	32233.69	Omnivore	Ungulata
Tayassu_tajacu	Pecari_tajacu	Pecari	Tayassuidae	21266.69	Omnivore	Ungulata
Oryzomys_galapagoensis	Aegialomys_galapagoensis	Aegialomys	Cricetidae	94	NA	Rodentia
Akodon_paranaensis	Akodon_paranaensis	Akodon	Cricetidae	31.32	Insectivore	Rodentia
Oryzomys_capito	Hylaeamys_megacephalus	Hylaeamys	Cricetidae	45.8	Omnivore	Rodentia
Nectomys_squamipes	Nectomys_squamipes	Nectomys	Cricetidae	190.75	Omnivore	Rodentia
Oligoryzomys_sp	Oligoryzomys	Oligoryzomys	Cricetidae	NA	NA	Rodentia
Oxymycterus_roberti	Oxymycterus_roberti 	Oxymycterus	Cricetidae	69.72	Insectivore	Rodentia
Cuniculus_paca	Cuniculus_paca	Cuniculus	Cuniculidae	8172.55	Omnivore	Rodentia
Dasyprocta_sp	Dasyprocta	Dasyprocta	Dasyproctidae	NA	NA	Rodentia
Dasyprocta_azarae	Dasyprocta_azarae	Dasyprocta	Dasyproctidae	2309.99	Omnivore	Rodentia
Dasyprocta_fuliginosa	Dasyprocta_fuliginosa	Dasyprocta	Dasyproctidae	3500.02	Omnivore	Rodentia
Dasyprocta_leporina	Dasyprocta_leporina	Dasyprocta	Dasyproctidae	3020.02	Omnivore	Rodentia
Dasyprocta_aguti	Dasyprocta_leporina	Dasyprocta	Dasyproctidae	3020.02	Omnivore	Rodentia
Dasyprocta_mexicana	Dasyprocta_mexicana	Dasyprocta	Dasyproctidae	5000	Omnivore	Rodentia
Dasyprocta_prymnolopha	Dasyprocta_prymnolopha	Dasyprocta	Dasyproctidae	2900.01	Omnivore	Rodentia
Dasyprocta_punctata	Dasyprocta_punctata	Dasyprocta	Dasyproctidae	3025	Omnivore	Rodentia
Dasyprocta_variegata	Dasyprocta_punctata	Dasyprocta	Dasyproctidae	3383.33	Omnivore	Rodentia
Myoprocta_acouchy	Myoprocta_acouchy	Myoprocta	Dasyproctidae	600	Omnivore	Rodentia
Myoprocta_pratti	Myoprocta_pratti	Myoprocta	Dasyproctidae	966.73	Omnivore	Rodentia
Clyomys_bishopi	Clyomys_bishopi	Clyomys	Echimyidae	30	Omnivore	Rodentia
Proechimys_sp	Proechimys	Proechimys	Echimyidae	NA	NA	Rodentia
Proechimys_longicaudatus	Proechimys_longicaudatus	Proechimys	Echimyidae	205	Omnivore	Rodentia
Proechimys_oconnelli	Proechimys_oconnelli	Proechimys	Echimyidae	285	Omnivore	Rodentia
Proechimys_semispinosus	Proechimys_semispinosus	Proechimys	Echimyidae	360.5	Omnivore	Rodentia
Trinomys_sp	Trinomys	Trinomys	Echimyidae	NA	NA	Rodentia
Heterotomys_desmarestianus	Heteromys_desmarestianus	Heteromys	Heteromyidae	72.5	Omnivore	Rodentia
Microsciurus_flaviventer	Microsciurus_flaviventer	Microsciurus	Sciuridae	92	Granivore	Rodentia
Microsciurus_mimulus	Microsciurus_mimulus	Microsciurus	Sciuridae	120	Granivore	Rodentia
Sciurillus_pusillus	Sciurillus_pusillus	Sciurillus	Sciuridae	39	Omnivore	Rodentia
Guerlinguetus_sp	Sciurus	Sciurus	Sciuridae	NA	NA	Rodentia
Sciurus_sp	Sciurus	Sciurus	Sciuridae	NA	NA	Rodentia
Guerlinguetus_aestuans	Sciurus_aestuans	Sciurus	Sciuridae	185	Granivore	Rodentia
Guerlinguetus_brasiliensis	Sciurus_aestuans	Sciurus	Sciuridae	185	Granivore	Rodentia
Guerlinguetus_ingrami	Sciurus_aestuans	Sciurus	Sciuridae	185	Granivore	Rodentia
Sciurus_aestuans	Sciurus_aestuans	Sciurus	Sciuridae	185	Granivore	Rodentia
Sciurus_alphonsei	Sciurus_aestuans	Sciurus	Sciuridae	185	Granivore	Rodentia
Sciurus_deppei	Sciurus_deppei	Sciurus	Sciuridae	190	Granivore	Rodentia
Notosciurus_granatensis	Sciurus_granatensis	Sciurus	Sciuridae	250	Granivore	Rodentia
Sciurus_granatensis	Sciurus_granatensis	Sciurus	Sciuridae	250	Granivore	Rodentia
Hadrosciurus_igniventris	Sciurus_igniventris	Sciurus	Sciuridae	700	Granivore	Rodentia
Aotus_nancymae	Aotus_nancymai	Aotus	Aotidae	929.57	Insectivore	Primate
Aotus_vociferans	Aotus_vociferans	Aotus	Aotidae	872.99	Insectivore	Primate
Alouatta_belzebul	Alouatta_belzebul	Alouatta	Atelidae	6400	Herbivore	Primate
Alouatta_caraya	Alouatta_caraya	Alouatta	Atelidae	5862.46	Herbivore	Primate
Alouatta_discolor	Alouatta_discolor	Alouatta	Atelidae	NA	Herbivore	Primate
Alouata_guariba	Alouatta_guariba	Alouatta	Atelidae	5188.33	Herbivore	Primate
Alouatta_guariba	Alouatta_guariba	Alouatta	Atelidae	5188.33	Herbivore	Primate
Alouatta_maconnelli	Alouatta_macconnelli 	Alouatta	Atelidae	NA	Herbivore	Primate
Alouatta_palliata	Alouatta_palliata	Alouatta	Atelidae	6587	Herbivore	Primate
Alouatta_pigra	Alouatta_pigra	Alouatta	Atelidae	6893	Herbivore	Primate
Alouatta_seniculus	Alouatta_seniculus	Alouatta	Atelidae	6460	Herbivore	Primate
Ateles_belzebuth	Ateles_belzebuth	Ateles	Atelidae	8322	Frugivore	Primate
Ateles_chamek	Ateles_chamek	Ateles	Atelidae	5999.98	Frugivore	Primate
Ateles_geoffroyi	Ateles_geoffroyi	Ateles	Atelidae	5284.94	Frugivore	Primate
Ateles_hybridus	Ateles_hybridus	Ateles	Atelidae	6394.85	Frugivore	Primate
Ateles_marginatus	Ateles_marginatus	Ateles	Atelidae	5999.98	Frugivore	Primate
Ateles_paniscus	Ateles_paniscus	Ateles	Atelidae	7900.05	Frugivore	Primate
Brachyteles_arachnoides	Brachyteles_arachnoides	Brachyteles	Atelidae	10750	Frugivore	Primate
Brachyteles_hypoxanthus	Brachyteles_hypoxanthus	Brachyteles	Atelidae	13499.88	Frugivore	Primate
Lagothrix_flavicauda	Lagothrix_flavicauda	Lagothrix	Atelidae	6300	Herbivore	Primate
Lagothrix_cana	Lagothrix_lagothricha	Lagothrix	Atelidae	6267	Herbivore	Primate
Lagothrix_lagothricha	Lagothrix_lagothricha	Lagothrix	Atelidae	6267	Herbivore	Primate
Lagothrix_lagotricha	Lagothrix_lagothricha	Lagothrix	Atelidae	6267	Herbivore	Primate
Lagothrix_lugens	Lagothrix_lagothricha	Lagothrix	Atelidae	6267	Herbivore	Primate
Lagothrix_poeppiggi	Lagothrix_lagothricha	Lagothrix	Atelidae	6267	Herbivore	Primate
Callimico_goeldii	Callimico_goeldii	Callimico	Callitrichidae	480	Frugivore	Primate
Callithrix_aurita	Callithrix_aurita	Callithrix	Callitrichidae	400	Insectivore	Primate
Callithrix_flaviceps	Callithrix_flaviceps	Callithrix	Callitrichidae	400	Insectivore	Primate
Callithrix_geoffroyi	Callithrix_geoffroyi	Callithrix	Callitrichidae	340	Insectivore	Primate
Callithrix_jacchus	Callithrix_jacchus	Callithrix	Callitrichidae	290	Insectivore	Primate
Callithrix_kuhlii	Callithrix_kuhlii	Callithrix	Callitrichidae	315	Insectivore	Primate
Callithrix_penicillata	Callithrix_penicillata	Callithrix	Callitrichidae	290	Insectivore	Primate
Saguinus_fuscicolis	Leontocebus_fuscicollis	Leontocebus	Callitrichidae	377	Insectivore	Primate
Saguinus_fuscicollis	Leontocebus_fuscicollis	Leontocebus	Callitrichidae	377	Insectivore	Primate
Saguinus_lagonotus	Leontocebus_lagonotus	Leontocebus	Callitrichidae	NA	Insectivore	Primate
Leontopithecus_caissara	Leontopithecus_caissara	Leontopithecus	Callitrichidae	620	Insectivore	Primate
Leontopithecus_chrysomelas	Leontopithecus_chrysomelas	Leontopithecus	Callitrichidae	578	Insectivore	Primate
Leontopithecus_chrysopygus	Leontopithecus_chrysopygus	Leontopithecus	Callitrichidae	615	Insectivore	Primate
Leontopithecus_rosalia	Leontopithecus_rosalia	Leontopithecus	Callitrichidae	628	Insectivore	Primate
Mico_melanurus	Mico_melanurus	Mico	Callitrichidae	NA	Insectivore	Primate
Saguinus_geoffroyi	Oedipomidas_geoffroyi	Oedipomidas	Callitrichidae	605	Insectivore	Primate
Saguinus_oedipus	Oedipomidas_oedipus	Oedipomidas	Callitrichidae	NA	Insectivore	Primate
Saguinus_bicolor	Saguinus_bicolor	Saguinus	Callitrichidae	465	Insectivore	Primate
Saguinus_martinsi	Saguinus_martinsi	Saguinus	Callitrichidae	462.13	Frugivore	Primate
Saguinus_midas	Saguinus_midas	Saguinus	Callitrichidae	540	Insectivore	Primate
Saguinus_niger	Saguinus_niger	Saguinus	Callitrichidae	462.13	Frugivore	Primate
Saguinus_labiatus	Tamarinus_labiatus	Tamarinus	Callitrichidae	NA	Insectivore	Primate
Saguinus_mystax	Tamarinus_mystax	Tamarinus	Callitrichidae	542	Frugivore	Primate
Cebus_albifrons	Cebus_albifrons	Cebus	Cebidae	2629	Omnivore	Primate
Cebus_capucinus	Cebus_capucinus	Cebus	Cebidae	2733.32	Omnivore	Primate
Cebus_kaapori	Cebus_kaapori	Cebus	Cebidae	3000	Omnivore	Primate
Cebus_olivaceus	Cebus_olivaceus	Cebus	Cebidae	2599.98	Omnivore	Primate
Cebus_yuracus	Cebus_yuracus	Cebus	Cebidae	NA	Omnivore	Primate
Saimiri_boliviensis	Saimiri_boliviensis	Saimiri	Cebidae	615.01	Insectivore	Primate
Saimiri_cassiquiarensis	Saimiri_cassiquiarensis	Saimiri	Cebidae	NA	Insectivore	Primate
Saimiri_sciureus	Saimiri_sciureus	Saimiri	Cebidae	743.24	Insectivore	Primate
Saimiri_ustus	Saimiri_ustus	Saimiri	Cebidae	1000	Insectivore	Primate
Saimiri_vanzolinii	Saimiri_vanzolinii	Saimiri	Cebidae	769.61	Insectivore	Primate
Sapajus_apela	Sapajus_apella	Sapajus	Cebidae	2645	Omnivore	Primate
Sapajus_apella	Sapajus_apella	Sapajus	Cebidae	2645	Omnivore	Primate
Sapajus_cay	Sapajus_cay	Sapajus	Cebidae	NA	Omnivore	Primate
Sapajus_flavius	Sapajus_flavius	Sapajus	Cebidae	NA	Omnivore	Primate
Cebus_libidinosus	Sapajus_libidinosus	Sapajus	Cebidae	NA	Omnivore	Primate
Sapajus_libidinosus	Sapajus_libidinosus	Sapajus	Cebidae	NA	Omnivore	Primate
Cebus_nigritus	Sapajus_nigritus	Sapajus	Cebidae	NA	Omnivore	Primate
Sapajus_nigritus	Sapajus_nigritus	Sapajus	Cebidae	NA	Omnivore	Primate
Sapajus_robustus	Sapajus_robustus	Sapajus	Cebidae	NA	Omnivore	Primate
Cebus_xanthosternos	Sapajus_xanthosternos	Sapajus	Cebidae	NA	Omnivore	Primate
Sapajus_xanthosternos	Sapajus_xanthosternos	Sapajus	Cebidae	NA	Omnivore	Primate
Cacajao_calvus	Cacajao_calvus	Cacajao	Pitheciidae	5796.02	Granivore	Primate
Cacajao_melanocephalus	Cacajao_melanocephalus	Cacajao	Pitheciidae	3100	Granivore	Primate
Callicebus_coimbrai	Callicebus_coimbrai	Callicebus	Pitheciidae	1011.32	Granivore	Primate
Callicebus_melanochir	Callicebus_melanochir	Callicebus	Pitheciidae	1370	Granivore	Primate
Callicebus_nigrifrons	Callicebus_nigrifrons	Callicebus	Pitheciidae	1011.32	Granivore	Primate
Callicebus_personatus	Callicebus_personatus	Callicebus	Pitheciidae	1349.99	Granivore	Primate
Chiropotes_albinasus	Chiropotes_albinasus	Chiropotes	Pitheciidae	2900.01	Granivore	Primate
Chiropotes_chiropotes	Chiropotes_chiropotes	Chiropotes	Pitheciidae	2949.58	Granivore	Primate
Pithecia_albicans	Pithecia_albicans	Pithecia	Pitheciidae	2800.01	Granivore	Primate
Pithecia_chrysocephala	Pithecia_chrysocephala	Pithecia	Pitheciidae	NA	Granivore	Primate
Pithecia_milleri	Pithecia_milleri	Pithecia	Pitheciidae	NA	Granivore	Primate
Pithecia_monachus	Pithecia_monachus	Pithecia	Pitheciidae	1537.52	Granivore	Primate
Callicebus_cupreus	Plecturocebus_cupreus	Plecturocebus	Pitheciidae	NA	Granivore	Primate
Caluromys_philander	Caluromys_philander	Caluromys	Didelphidae	229.25	Omnivore	Marsupialia
Didelphis_albiventris	Didelphis_albiventris	Didelphis	Didelphidae	904	Carnivora	Marsupialia
Didelphis_aurita	Didelphis_aurita	Didelphis	Didelphidae	1163.99	Carnivora	Marsupialia
Didelphis_Marsupialiais	Didelphis_Marsupialiais	Didelphis	Didelphidae	1091.16	Carnivora	Marsupialia
Gracilinanus_agilis	Gracilinanus_agilis	Gracilinanus	Didelphidae	22	Insectivore	Marsupialia
Gracilinanus_microtarsus	Gracilinanus_microtarsus	Gracilinanus	Didelphidae	31	Insectivore	Marsupialia
Marmosa_robinsoni	Marmosa_robinsoni	Marmosa	Didelphidae	56.67	Insectivore	Marsupialia
Marmosops_incanus	Marmosops_incanus	Marmosops	Didelphidae	62.3	Insectivore	Marsupialia
Marmosops_paulensis	Marmosops_paulensis	Marmosops	Didelphidae	38.89	Insectivore	Marsupialia
Metachirus_nudicaudatus	Metachirus_nudicaudatus	Metachirus	Didelphidae	375	Carnivora	Marsupialia
Marmosa_paraguayana	Micoureus_paraguayanus	Micoureus	Didelphidae	112.43	Insectivore	Marsupialia
Monodelphis_americana	Monodelphis_americana	Monodelphis	Didelphidae	19.5	Insectivore	Marsupialia
Philander_frenatus	Philander_frenatus	Philander	Didelphidae	395.45	Carnivora	Marsupialia
Philander_opossum	Philander_opossum	Philander	Didelphidae	585.5	Carnivora	Marsupialia
Dromiciops_gliroides	Dromiciops_gliroides	Dromiciops	Microbiotheriidae	22.3	Insectivore	Marsupialia
Micoureus_paraguayanus	Marmosa_paraguayana	Marmosa	Didelphidae	141.5	NA	Marsupialia
Atelocynus_microtis	Atelocynus_microtis	Atelocynus	Canidae	7749.97	Carnivora	Carnivora
Canis_latrans	Canis_latrans	Canis	Canidae	13406.33	Carnivora	Carnivora
Cerdocyon_thous	Cerdocyon_thous	Cerdocyon	Canidae	5239.98	Insectivore	Carnivora
Chrysocyon_brachyurus	Chrysocyon_brachyurus	Chrysocyon	Canidae	23249.84	Carnivora	Carnivora
Pseudalopex_culpaeus	Lycalopex_culpaeus	Lycalopex	Canidae	8616.24	Carnivora	Carnivora
Lycalopex_gymnocercus	Lycalopex_gymnocercus	Lycalopex	Canidae	4542.67	Carnivora	Carnivora
Pseudalopex_gymnocercus	Lycalopex_gymnocercus	Lycalopex	Canidae	4542.67	Carnivora	Carnivora
Lycalopex_vetulus	Lycalopex_vetulus	Lycalopex	Canidae	4233.47	Carnivora	Carnivora
Speothos_venaticus	Speothos_venaticus	Speothos	Canidae	5999.98	Carnivora	Carnivora
Urocyon_cinereoargenteus	Urocyon_cinereoargenteus	Urocyon	Canidae	3833.72	Carnivora	Carnivora
Conepatus_semistriatus	Conepatus_semistriatus	Conepatus	Mephitidae	1200	Insectivore	Carnivora
Eira_barbara	Eira_barbara	Eira	Mustelidae	3910.03	Carnivora	Carnivora
Bassariscus_astutus	Bassariscus_astutus	Bassariscus	Procyonidae	1129.51	Frugivore	Carnivora
Nasua_narica	Nasua_narica	Nasua	Procyonidae	4030.05	Frugivore	Carnivora
Nasua_nasua	Nasua_nasua	Nasua	Procyonidae	3793.85	Frugivore	Carnivora
Potos_flavus	Potos_flavus	Potos	Procyonidae	3000	Frugivore	Carnivora
Potus_flavus	Potos_flavus	Potos	Procyonidae	3000	Frugivore	Carnivora
Procyon_cancrivorus	Procyon_cancrivorus	Procyon	Procyonidae	6949.92	Omnivore	Carnivora
Phrynops_rufipes	Rhinemys_rufipes	Rhinemys	Chelidae	5705	Carnivora	Reptilia
Anolis_grahami	Anolis_grahami	Anolis	Dactyloidae	8.7	Omnivore	Reptilia
Anolis_lineatopus	Anolis_lineatopus	Anolis	Dactyloidae	8.1	Carnivora	Reptilia
Anolis_valencienni	Anolis_valencienni	Anolis	Dactyloidae	13.2	Omnivore	Reptilia
Rhinoclemmys_funerea	Rhinoclemmys_funerea	Rhinoclemmys	Geoemydidae	4919	Herbivore	Reptilia
Conolophus_subcristatus	Conolophus_subcristatus	Conolophus	Iguanidae	6309.6	Herbivore	Reptilia
Ctenosaura_hemilopha	Ctenosaura_hemilopha	Ctenosaura	Iguanidae	2754.2	Herbivore	Reptilia
Ctenosaura_similis	Ctenosaura_similis	Ctenosaura	Iguanidae	5011.9	Herbivore	Reptilia
Iguana_iguana	Iguana_iguana	Iguana	Iguanidae	8128.3	Herbivore	Reptilia
Liolaemus_pictus	Liolaemus_pictus	Liolaemus	Liolaemidae	37.2	Omnivore	Reptilia
Peltocephalus_dumerilianus	Peltocephalus_dumerilianus	Peltocephalus	Podocnemididae	11155	NA	Reptilia
Podocnemis_expansa	Podocnemis_expansa	Podocnemis	Podocnemididae	64845	Omnivore	Reptilia
Podocnemis_unifilis	Podocnemis_unifilis	Podocnemis	Podocnemididae	13585	Omnivore	Reptilia
Salvator_merianae	Salvator_merianae	Salvator	Teiidae	4466.8	Omnivore	Reptilia
Teius_teyou	Teius_teyou	Teius	Teiidae	104.7	Omnivore	Reptilia
Chelonoidis_carbonaria	Chelonoidis_carbonaria	Chelonoidis	Testudinidae	32223	Omnivore	Reptilia
Chelonoidis_chilensis	Chelonoidis_chilensis	Chelonoidis	Testudinidae	15129	Herbivore	Reptilia
Chelonoides_denticulata	Chelonoidis_denticulata	Chelonoidis	Testudinidae	78316	Omnivore	Reptilia
Chelonoidis_denticulata	Chelonoidis_denticulata	Chelonoidis	Testudinidae	78316	Omnivore	Reptilia
Chelonoidis_porteri	Chelonoidis_porteri	Chelonoidis	Testudinidae	NA	NA	Reptilia
Gopheros_polyphemus	Gopherus_polyphemus	Gopherus	Testudinidae	NA	NA	Reptilia
Microlophus_delanonis	Microlophus_delanonis	Microlophus	Tropiduridae	117.5	Omnivore	Reptilia
Tropidurus_torquatus	Tropidurus_torquatus	Tropidurus	Tropiduridae	79.4	Omnivore	Reptilia
Cnemidophorus_ocellifer	Cnemidophorus_ocellifer	Cnemidophorus	Tropiduridae	NA	NA	Reptilia
Tropidurus_cocorobensis	Tropidurus_cocorobensis	Tropidurus	Tropiduridae	16.2	Omnivore	Reptilia
Tropidurus_hispidus	Tropidurus_hispidus	Tropidurus	Tropiduridae	95.5	Omnivore	Reptilia